question,answer,contexts,ground_truth,intent,sources,faithfulness,answer_relevancy,context_precision,context_recall
Are Dental X-Rays Safe?,"Question: Are Dental X-Rays Safe?


Relevant medical references:
  - Dental X-rays and Risk of Meningioma

Context Ionizing radiation is a consistently identified and potentially modifiable risk factor for meningioma, the most frequently reported primary brain tumor in the United States. Objective To examine the association between dental x-rays, the most common artificial source of ionizing radiation, and risk of intra-cranial meningioma. Design and Setting Population-based case-control study design. Participants The study includes 1433 intra-cranial meningioma cases aged 29-79 years diagnosed among residents of the states of Connecticut, Massachusetts, North Carolina, the San Francisco Bay Area and eight Houston, Texas counties between May 1, 2006 and April 28, 2011 and 1350 controls that were frequency-matched on age, sex and geography. Main Outcome Measure The association of intra-cranial meningioma diagnosis with self-report of bitewing, full-mouth, and panorex dental x-rays. Results Over a lifetime, cases were more than twice (Odds ratio (OR) = 2.0, 95% confidence interval (CI), 1.4-2.9) as likely as controls to report having ever had a bitewing exam. Regardless of the age at which the films were received, persons who reported receiving bitewing films on a yearly or greater frequency had an elevated risk with odds ratios of 1.4 (95%CI: 1.0-1.8), 1.6 (95%CI: 1.2-2.0), 1.9 (95%CI: 1.4-2.6), and 1.5 (95%CI: 1.1-2.0) for ages <10, 10-19, 20-49, and 50+ years, respectively. Increased risk of meningioma was also associated with panorex films taken at a young age or on a yearly or greater frequency with persons reporting receiving such films under the age of 10 years at 4.9 times (95%CI: 1.8-13.2) increased risk of meningioma. No association was appreciated with location of tumor above or below the tentorium. Conclusion Exposure to some dental x-rays performed in the past, when radiation exposure was greater than in the current era, appears to be associated with increased risk of intra-cranial meningioma. As with all sources of artificial ionizing radiation, considered use of this modifiable risk factor may be of benefit to patients.  (Source: Article: Dental X-rays and Risk of Meningioma)
  - The use of dental radiographs: update and recommendations.

BACKGROUND AND OVERVIEW: The National Council on Radiation Protection & Measurements updated its recommendations on radiation protection in dentistry in 2003, the Centers for Disease Control and Prevention published its Guidelines for Infection Control in Dental Health-Care Settings in 2003, and the U.S. Food and Drug Administration updated its selection criteria for dental radiographs in 2004. This report summarizes the recommendations presented in these documents and addresses additional topics such as patient selection criteria, film selection for conventional radiographs, collimation, beam filtration, patient protective equipment, film holders, operator protection, film exposure and processing, infection control, quality assurance, image viewing, direct digital radiography and continuing education of dental health care workers who expose radiographs. CONCLUSIONS: This report discusses implementation of proper radiographic practices. In addition to these guidelines, dentists should be aware of, and comply with, applicable federal and state regulations. CLINICAL IMPLICATIONS: Dentists should weigh the benefits of dental radiographs against the consequences of increasing a patient's exposure to radiation and implement appropriate radiation control procedures.  (Source: Article: The use of dental radiographs: update and recommendations.)
  - Update on the biological effects of ionizing radiation, relative dose factors and radiation hygiene.

Diagnostic imaging is an indispensable part of contemporary medical and dental practice. Over the last few decades there has been a dramatic increase in the use of ionizing radiation for diagnostic imaging. The carcinogenic effects of high-dose exposure are well known. Does diagnostic radiation rarely cause cancer? We don't know but we should act as if it does. Accordingly, dentists should select patients wisely - only make radiographs when there is patient-specific reason to believe there is a reasonable expectation the radiograph will offer unique information influencing diagnosis or treatment. Low-dose examinations should be made: intraoral imaging - use fast film or digital sensors, thyroid collars, rectangular collimation; panoramic and lateral cephalometric imaging - use digital systems or rare-earth film screen combinations; and cone beam computed tomography - use low-dose machines, restrict field size to region of interest, reduce mA and length of exposure arc as appropriate. © 2012 Australian Dental Association.  (Source: Article: Update on the biological effects of ionizing radiation, relative dose factors and radiation hygiene.)","['Dental X-rays and Risk of Meningioma\n\nContext Ionizing radiation is a consistently identified and potentially modifiable risk factor for meningioma, the most frequently reported primary brain tumor in the United States. Objective To examine the association between dental x-rays, the most common artificial source of ionizing radiation, and risk of intra-cranial meningioma. Design and Setting Population-based case-control study design. Participants The study includes 1433 intra-cranial meningioma cases aged 29-79 years diagnosed among residents of the states of Connecticut, Massachusetts, North Carolina, the San Francisco Bay Area and eight Houston, Texas counties between May 1, 2006 and April 28, 2011 and 1350 controls that were frequency-matched on age, sex and geography. Main Outcome Measure The association of intra-cranial meningioma diagnosis with self-report of bitewing, full-mouth, and panorex dental x-rays. Results Over a lifetime, cases were more than twice (Odds ratio (OR) = 2.0, 95% confidence interval (CI), 1.4-2.9) as likely as controls to report having ever had a bitewing exam. Regardless of the age at which the films were received, persons who reported receiving bitewing films on a yearly or greater frequency had an elevated risk with odds ratios of 1.4 (95%CI: 1.0-1.8), 1.6 (95%CI: 1.2-2.0), 1.9 (95%CI: 1.4-2.6), and 1.5 (95%CI: 1.1-2.0) for ages <10, 10-19, 20-49, and 50+ years, respectively. Increased risk of meningioma was also associated with panorex films taken at a young age or on a yearly or greater frequency with persons reporting receiving such films under the age of 10 years at 4.9 times (95%CI: 1.8-13.2) increased risk of meningioma. No association was appreciated with location of tumor above or below the tentorium. Conclusion Exposure to some dental x-rays performed in the past, when radiation exposure was greater than in the current era, appears to be associated with increased risk of intra-cranial meningioma. As with all sources of artificial ionizing radiation, considered use of this modifiable risk factor may be of benefit to patients.', ""The use of dental radiographs: update and recommendations.\n\nBACKGROUND AND OVERVIEW: The National Council on Radiation Protection & Measurements updated its recommendations on radiation protection in dentistry in 2003, the Centers for Disease Control and Prevention published its Guidelines for Infection Control in Dental Health-Care Settings in 2003, and the U.S. Food and Drug Administration updated its selection criteria for dental radiographs in 2004. This report summarizes the recommendations presented in these documents and addresses additional topics such as patient selection criteria, film selection for conventional radiographs, collimation, beam filtration, patient protective equipment, film holders, operator protection, film exposure and processing, infection control, quality assurance, image viewing, direct digital radiography and continuing education of dental health care workers who expose radiographs. CONCLUSIONS: This report discusses implementation of proper radiographic practices. In addition to these guidelines, dentists should be aware of, and comply with, applicable federal and state regulations. CLINICAL IMPLICATIONS: Dentists should weigh the benefits of dental radiographs against the consequences of increasing a patient's exposure to radiation and implement appropriate radiation control procedures."", ""Update on the biological effects of ionizing radiation, relative dose factors and radiation hygiene.\n\nDiagnostic imaging is an indispensable part of contemporary medical and dental practice. Over the last few decades there has been a dramatic increase in the use of ionizing radiation for diagnostic imaging. The carcinogenic effects of high-dose exposure are well known. Does diagnostic radiation rarely cause cancer? We don't know but we should act as if it does. Accordingly, dentists should select patients wisely - only make radiographs when there is patient-specific reason to believe there is a reasonable expectation the radiograph will offer unique information influencing diagnosis or treatment. Low-dose examinations should be made: intraoral imaging - use fast film or digital sensors, thyroid collars, rectangular collimation; panoramic and lateral cephalometric imaging - use digital systems or rare-earth film screen combinations; and cone beam computed tomography - use low-dose machines, restrict field size to region of interest, reduce mA and length of exposure arc as appropriate. © 2012 Australian Dental Association.""]",The use of dental radiographs: update and recommendations.,HEALTH_ADVICE,"Article: Dental X-rays and Risk of Meningioma; Article: The use of dental radiographs: update and recommendations.; Article: Update on the biological effects of ionizing radiation, relative dose factors and radiation hygiene.",,,,
What’s Driving America’s Obesity Problem?,"Question: What’s Driving America’s Obesity Problem?


Relevant medical references:
  - The role of exercise in the treatment of obesity.

The United States is in the midst of a significant public health problem that relates to obesity and inactivity. This epidemic has far-ranging consequences for our workforce and our children and shows no signs of slowing in the near future. Significant research has been performed on the effects of exercise for the reduction of body weight; results of most studies indicate that exercise alone has a small effect on body-weight reduction independent of caloric restriction. However, when combined with dietary restriction, exercise has a synergistic effect and enhances weight loss beyond the effect of diet alone. In addition, exercise has been shown to have significant beneficial effects on cardiovascular and metabolic risk factors independent of actual weight loss, and losing just a small amount of weight can have a significant beneficial effect on these parameters. Genetic factors related to obesity have been found to be positively modified when persons incorporate physical activity into their lifestyle. Sitting time appears to be an independent risk factor for the development of metabolic risk factors; persons who spend more time sitting and watching television have worse metabolic profiles, even if they achieve the recommended amount of physical activity per week, than do those who move about throughout the day. Exercise also is essential for the prevention of weight gain over a life span, although the amount required to prevent weight gain may be closer to twice the amount of exercise recommended by the current Physical Activity Guidelines for Americans (www.health.gov/paguidelines). In many ways, the physiatrist is the most well prepared of all the specialists to address the complex, multidimensional problems of obesity and inactivity. Copyright © 2012 American Academy of Physical Medicine and Rehabilitation. Published by Elsevier Inc. All rights reserved.  (Source: Article: The role of exercise in the treatment of obesity.)
  - Prediabetes and type 2 diabetes in youth: an emerging epidemic disease?

PURPOSE OF REVIEW: The prevalence of obesity in youth is increasing alarmingly among children and adolescents in the United States. The problem falls disproportionately on African-American and Hispanic children. Many of the metabolic and cardiovascular complications associated with obesity are already present during childhood and are closely linked to the concomitant insulin resistance/hyperinsulinemia and degree of obesity. Moreover, these co-morbidities persist into adulthood. RECENT FINDINGS: The progression from normal glucose tolerance to type 2 diabetes mellitus involves an intermediate stage known as prediabetes or impaired glucose regulation. Prediabetes is characterized by peripheral insulin-resistance and impaired glucose sensitivity of first-phase insulin secretion. On the other hand, in overt type 2 diabetes mellitus beta-cell failure becomes fully manifested. Progression from prediabetes to type 2 diabetes mellitus in youth is characterized by marked weight gain and further reduction in insulin secretion and insulin resistance. SUMMARY: Reverting obesity through lifestyle modification, that involves nutrition education, behavior modification and exercise, is an important step to prevent the progression to diabetes.  (Source: Article: Prediabetes and type 2 diabetes in youth: an emerging epidemic disease?)
  - Dynamics of fat cell turnover in humans.

Obesity is increasing in an epidemic manner in most countries and constitutes a public health problem by enhancing the risk for cardiovascular disease and metabolic disorders such as type 2 diabetes. Owing to the increase in obesity, life expectancy may start to decrease in developed countries for the first time in recent history. The factors determining fat mass in adult humans are not fully understood, but increased lipid storage in already developed fat cells (adipocytes) is thought to be most important. Here we show that adipocyte number is a major determinant for the fat mass in adults. However, the number of fat cells stays constant in adulthood in lean and obese individuals, even after marked weight loss, indicating that the number of adipocytes is set during childhood and adolescence. To establish the dynamics within the stable population of adipocytes in adults, we have measured adipocyte turnover by analysing the integration of 14C derived from nuclear bomb tests in genomic DNA. Approximately 10% of fat cells are renewed annually at all adult ages and levels of body mass index. Neither adipocyte death nor generation rate is altered in early onset obesity, suggesting a tight regulation of fat cell number in this condition during adulthood. The high turnover of adipocytes establishes a new therapeutic target for pharmacological intervention in obesity.  (Source: Article: Dynamics of fat cell turnover in humans.)","['The role of exercise in the treatment of obesity.\n\nThe United States is in the midst of a significant public health problem that relates to obesity and inactivity. This epidemic has far-ranging consequences for our workforce and our children and shows no signs of slowing in the near future. Significant research has been performed on the effects of exercise for the reduction of body weight; results of most studies indicate that exercise alone has a small effect on body-weight reduction independent of caloric restriction. However, when combined with dietary restriction, exercise has a synergistic effect and enhances weight loss beyond the effect of diet alone. In addition, exercise has been shown to have significant beneficial effects on cardiovascular and metabolic risk factors independent of actual weight loss, and losing just a small amount of weight can have a significant beneficial effect on these parameters. Genetic factors related to obesity have been found to be positively modified when persons incorporate physical activity into their lifestyle. Sitting time appears to be an independent risk factor for the development of metabolic risk factors; persons who spend more time sitting and watching television have worse metabolic profiles, even if they achieve the recommended amount of physical activity per week, than do those who move about throughout the day. Exercise also is essential for the prevention of weight gain over a life span, although the amount required to prevent weight gain may be closer to twice the amount of exercise recommended by the current Physical Activity Guidelines for Americans (www.health.gov/paguidelines). In many ways, the physiatrist is the most well prepared of all the specialists to address the complex, multidimensional problems of obesity and inactivity. Copyright © 2012 American Academy of Physical Medicine and Rehabilitation. Published by Elsevier Inc. All rights reserved.', 'Prediabetes and type 2 diabetes in youth: an emerging epidemic disease?\n\nPURPOSE OF REVIEW: The prevalence of obesity in youth is increasing alarmingly among children and adolescents in the United States. The problem falls disproportionately on African-American and Hispanic children. Many of the metabolic and cardiovascular complications associated with obesity are already present during childhood and are closely linked to the concomitant insulin resistance/hyperinsulinemia and degree of obesity. Moreover, these co-morbidities persist into adulthood. RECENT FINDINGS: The progression from normal glucose tolerance to type 2 diabetes mellitus involves an intermediate stage known as prediabetes or impaired glucose regulation. Prediabetes is characterized by peripheral insulin-resistance and impaired glucose sensitivity of first-phase insulin secretion. On the other hand, in overt type 2 diabetes mellitus beta-cell failure becomes fully manifested. Progression from prediabetes to type 2 diabetes mellitus in youth is characterized by marked weight gain and further reduction in insulin secretion and insulin resistance. SUMMARY: Reverting obesity through lifestyle modification, that involves nutrition education, behavior modification and exercise, is an important step to prevent the progression to diabetes.', 'Dynamics of fat cell turnover in humans.\n\nObesity is increasing in an epidemic manner in most countries and constitutes a public health problem by enhancing the risk for cardiovascular disease and metabolic disorders such as type 2 diabetes. Owing to the increase in obesity, life expectancy may start to decrease in developed countries for the first time in recent history. The factors determining fat mass in adult humans are not fully understood, but increased lipid storage in already developed fat cells (adipocytes) is thought to be most important. Here we show that adipocyte number is a major determinant for the fat mass in adults. However, the number of fat cells stays constant in adulthood in lean and obese individuals, even after marked weight loss, indicating that the number of adipocytes is set during childhood and adolescence. To establish the dynamics within the stable population of adipocytes in adults, we have measured adipocyte turnover by analysing the integration of 14C derived from nuclear bomb tests in genomic DNA. Approximately 10% of fat cells are renewed annually at all adult ages and levels of body mass index. Neither adipocyte death nor generation rate is altered in early onset obesity, suggesting a tight regulation of fat cell number in this condition during adulthood. The high turnover of adipocytes establishes a new therapeutic target for pharmacological intervention in obesity.']",The role of exercise in the treatment of obesity.,HEALTH_ADVICE,Article: Dynamics of fat cell turnover in humans.; Article: Prediabetes and type 2 diabetes in youth: an emerging epidemic disease?; Article: The role of exercise in the treatment of obesity.,,,,
Is Coconut Milk Good For You?,"Question: Is Coconut Milk Good For You?


Relevant medical references:
  - Dietary intake and the risk of coronary heart disease among the coconut-consuming Minangkabau in West Sumatra, Indonesia.

Several nutrition and non-nutritional pathways are recognised in the development and occurrence of cardiovascular disease. In many populations, high intakes of saturated fat are associated with elevated serum cholesterol concentrations and increased coronary heart disease (CHD) mortality. However, several studies report that hyperlipidaemia and heart diseases are not common among populations who consume coconut, a source of saturated fat. A case-control study was conducted among the Minangkabau known to be high coconut consumers to examine the difference in food patterns and risk of coronary heart disease (CHD) between the coronary cases and their gender- and age-matched apparently healthy counterparts serving as controls. Eligible subjects with CHD were identified through the co-operation of five participating hospitals located in Padang and Bukittinggi in West Sumatra, Indonesia. A total of 93 eligible cases (62 men and 31 women) in the Case group and 189 subjects (113 men and 76 women) in the Control group were recruited. Information on the intakes of individual foods and dishes over the preceding 12 months was obtained using a semi-quantitative food frequency questionnaire. The Case groups had significantly higher intakes of meats, eggs, sugar, tea, coffee and fruits, but lower intakes of soy products, rice and cereals compared to the controls. Coconut consumption as flesh or milk was not different between cases and controls. The cases had significantly higher intakes of protein and cholesterol, but lower intake of carbohydrate. Similar intakes of saturated and unsaturated fatty acids between the cases and controls indicated that the consumption of total fat or saturated fat, including that from coconut, was not a predictor for CHD in this food culture. However, the intakes of animal foods, total protein, dietary cholesterol and less plant derived carbohydrates were predictors of CHD.  (Source: Article: Dietary intake and the risk of coronary heart disease among the coconut-consuming Minangkabau in West Sumatra, Indonesia.)
  - The intravenous use of coconut water.

Medical resources routinely used for intravenous hydration and resuscitation of critically ill patients may be limited in remote regions of the world. When faced with these shortages, physicians have had to improvise with the available resources, or simply do without. We report the successful use of coconut water as a short-term intravenous hydration fluid for a Solomon Island patient, a laboratory analysis of the local coconuts, and a review of previously documented intravenous coconut use.  (Source: Article: The intravenous use of coconut water.)
  - Coconut oil predicts a beneficial lipid profile in pre-menopausal women in the Philippines

Coconut oil is a common edible oil in many countries, and there is mixed evidence for its effects on lipid profiles and cardiovascular disease risk. Here we examine the association between coconut oil consumption and lipid profiles in a cohort of 1,839 Filipino women (age 35–69 years) participating in the Cebu Longitudinal Health and Nutrition Survey, a community based study in Metropolitan Cebu City. Coconut oil intake was measured as individual coconut oil intake calculated using two 24-hour dietary recalls (9.54 ± 8.92 grams). Cholesterol profiles were measured in plasma samples collected after an overnight fast. Mean lipid values in this sample were total cholesterol (TC) (186.52 ± 38.86 mg/dL), high density lipoprotein cholesterol (HDL-c) (40.85 ± 10.30 mg/dL), low density lipoprotein cholesterol (LDL-c) (119.42 ± 33.21 mg/dL), triglycerides (130.75 ± 85.29 mg/dL) and the TC/HDL ratio (4.80 ± 1.41). Linear regression models were used to estimate the association between coconut oil intake and each plasma lipid outcome after adjusting for total energy intake, age, body mass index (BMI), number of pregnancies, education, menopausal status, household assets and urban residency. Dietary coconut oil intake was positively associated with HDL-c levels.  (Source: Article: Coconut oil predicts a beneficial lipid profile in pre-menopausal women in the Philippines)","['Dietary intake and the risk of coronary heart disease among the coconut-consuming Minangkabau in West Sumatra, Indonesia.\n\nSeveral nutrition and non-nutritional pathways are recognised in the development and occurrence of cardiovascular disease. In many populations, high intakes of saturated fat are associated with elevated serum cholesterol concentrations and increased coronary heart disease (CHD) mortality. However, several studies report that hyperlipidaemia and heart diseases are not common among populations who consume coconut, a source of saturated fat. A case-control study was conducted among the Minangkabau known to be high coconut consumers to examine the difference in food patterns and risk of coronary heart disease (CHD) between the coronary cases and their gender- and age-matched apparently healthy counterparts serving as controls. Eligible subjects with CHD were identified through the co-operation of five participating hospitals located in Padang and Bukittinggi in West Sumatra, Indonesia. A total of 93 eligible cases (62 men and 31 women) in the Case group and 189 subjects (113 men and 76 women) in the Control group were recruited. Information on the intakes of individual foods and dishes over the preceding 12 months was obtained using a semi-quantitative food frequency questionnaire. The Case groups had significantly higher intakes of meats, eggs, sugar, tea, coffee and fruits, but lower intakes of soy products, rice and cereals compared to the controls. Coconut consumption as flesh or milk was not different between cases and controls. The cases had significantly higher intakes of protein and cholesterol, but lower intake of carbohydrate. Similar intakes of saturated and unsaturated fatty acids between the cases and controls indicated that the consumption of total fat or saturated fat, including that from coconut, was not a predictor for CHD in this food culture. However, the intakes of animal foods, total protein, dietary cholesterol and less plant derived carbohydrates were predictors of CHD.', 'The intravenous use of coconut water.\n\nMedical resources routinely used for intravenous hydration and resuscitation of critically ill patients may be limited in remote regions of the world. When faced with these shortages, physicians have had to improvise with the available resources, or simply do without. We report the successful use of coconut water as a short-term intravenous hydration fluid for a Solomon Island patient, a laboratory analysis of the local coconuts, and a review of previously documented intravenous coconut use.', 'Coconut oil predicts a beneficial lipid profile in pre-menopausal women in the Philippines\n\nCoconut oil is a common edible oil in many countries, and there is mixed evidence for its effects on lipid profiles and cardiovascular disease risk. Here we examine the association between coconut oil consumption and lipid profiles in a cohort of 1,839 Filipino women (age 35–69 years) participating in the Cebu Longitudinal Health and Nutrition Survey, a community based study in Metropolitan Cebu City. Coconut oil intake was measured as individual coconut oil intake calculated using two 24-hour dietary recalls (9.54 ± 8.92 grams). Cholesterol profiles were measured in plasma samples collected after an overnight fast. Mean lipid values in this sample were total cholesterol (TC) (186.52 ± 38.86 mg/dL), high density lipoprotein cholesterol (HDL-c) (40.85 ± 10.30 mg/dL), low density lipoprotein cholesterol (LDL-c) (119.42 ± 33.21 mg/dL), triglycerides (130.75 ± 85.29 mg/dL) and the TC/HDL ratio (4.80 ± 1.41). Linear regression models were used to estimate the association between coconut oil intake and each plasma lipid outcome after adjusting for total energy intake, age, body mass index (BMI), number of pregnancies, education, menopausal status, household assets and urban residency. Dietary coconut oil intake was positively associated with HDL-c levels.']",The cholesterol-lowering effect of coconut flakes in humans with moderately raised serum cholesterol.,HEALTH_ADVICE,"Article: Coconut oil predicts a beneficial lipid profile in pre-menopausal women in the Philippines; Article: Dietary intake and the risk of coronary heart disease among the coconut-consuming Minangkabau in West Sumatra, Indonesia.; Article: The intravenous use of coconut water.",,,,
How Chemically Contaminated Are We?,"Question: How Chemically Contaminated Are We?


Relevant medical references:
  - Carcinogenicity and regulation of caramel colorings.

2- and 4-methylimidazoles are present as contaminants in caramel colorings manufactured with ammonia catalysts. Both contaminants have been shown to induce cancer in animals and may be present in caramel colorings in amounts that exceed federal guidelines. California requires warning notices on products that could lead to consumption of more than 30 micrograms per day. The US Food and Drug Administration should bar the use of excessively contaminated caramel coloring in food.  (Source: Article: Carcinogenicity and regulation of caramel colorings.)
  - Brominated flame retardants in US food.

We and others recently began studying brominated flame retardant levels in various matrices in the US including human milk and other food. This paper reviews the food studies. In our studies, ten to thirteen polybrominated diphenyl ether (PBDE) congeners were measured, usually including BDE 209. All US women's milk samples were contaminated with PBDEs from 6 to 419 ng/g, lipid, orders of magnitude higher than levels reported in European studies, and are the highest reported worldwide. We compared our market basket studies of meat, fish and dairy products with other US food studies of meat and fish. US studies showed somewhat higher levels of PBDEs than reported elsewhere. Fish were most highly contaminated (median 616 pg/g), then meat (median190 pg/g) and dairy products (median 32.2 pg/g). However, unlike some European countries where fish predominates, dietary intake of PBDEs in the US is mostly from meat, then fish and then dairy products. Broiling can decrease the amount of PBDEs per serving. We also measured levels of hexabromocyclododecane (HBCD), another brominated flame retardant, in human milk. The levels are lower than PBDEs, 0.16-1.2 ng/g, similar to European levels, unlike PBDEs where US levels are much higher than European levels.  (Source: Article: Brominated flame retardants in US food.)
  - Gluten contamination of naturally gluten-free flours and starches used by Canadians with celiac disease.

A large national investigation into the extent of gluten cross-contamination of naturally gluten-free ingredients (flours and starches) sold in Canada was performed. Samples (n = 640) were purchased from eight Canadian cities and via the internet during the period 2010-2012 and analysed for gluten contamination. The results showed that 61 of the 640 (9.5%) samples were contaminated above the Codex-recommended maximum level for gluten-free products (20 mg kg⁻¹) with a range of 5-7995 mg kg⁻¹. For the ingredients that were labelled gluten-free the contamination range (5-141 mg kg⁻¹) and number of samples were lower (3 of 268). This picture was consistent over time, with approximately the same percentage of samples above 20 mg kg⁻¹ in both the initial set and the subsequent lot. Looking at the total mean (composite) contamination for specific ingredients the largest and most consistent contaminations come from higher fibre ingredients such as soy (902 mg kg⁻¹), millet (272 mg kg⁻¹) and buckwheat (153 mg kg⁻¹). Of the naturally gluten-free flours and starches tested that do not contain a gluten-free label, the higher fibre ingredients would constitute the greatest probability of being contaminated with gluten above 20 mg kg⁻¹.  (Source: Article: Gluten contamination of naturally gluten-free flours and starches used by Canadians with celiac disease.)","['Carcinogenicity and regulation of caramel colorings.\n\n2- and 4-methylimidazoles are present as contaminants in caramel colorings manufactured with ammonia catalysts. Both contaminants have been shown to induce cancer in animals and may be present in caramel colorings in amounts that exceed federal guidelines. California requires warning notices on products that could lead to consumption of more than 30 micrograms per day. The US Food and Drug Administration should bar the use of excessively contaminated caramel coloring in food.', ""Brominated flame retardants in US food.\n\nWe and others recently began studying brominated flame retardant levels in various matrices in the US including human milk and other food. This paper reviews the food studies. In our studies, ten to thirteen polybrominated diphenyl ether (PBDE) congeners were measured, usually including BDE 209. All US women's milk samples were contaminated with PBDEs from 6 to 419 ng/g, lipid, orders of magnitude higher than levels reported in European studies, and are the highest reported worldwide. We compared our market basket studies of meat, fish and dairy products with other US food studies of meat and fish. US studies showed somewhat higher levels of PBDEs than reported elsewhere. Fish were most highly contaminated (median 616 pg/g), then meat (median190 pg/g) and dairy products (median 32.2 pg/g). However, unlike some European countries where fish predominates, dietary intake of PBDEs in the US is mostly from meat, then fish and then dairy products. Broiling can decrease the amount of PBDEs per serving. We also measured levels of hexabromocyclododecane (HBCD), another brominated flame retardant, in human milk. The levels are lower than PBDEs, 0.16-1.2 ng/g, similar to European levels, unlike PBDEs where US levels are much higher than European levels."", 'Gluten contamination of naturally gluten-free flours and starches used by Canadians with celiac disease.\n\nA large national investigation into the extent of gluten cross-contamination of naturally gluten-free ingredients (flours and starches) sold in Canada was performed. Samples (n = 640) were purchased from eight Canadian cities and via the internet during the period 2010-2012 and analysed for gluten contamination. The results showed that 61 of the 640 (9.5%) samples were contaminated above the Codex-recommended maximum level for gluten-free products (20 mg kg⁻¹) with a range of 5-7995 mg kg⁻¹. For the ingredients that were labelled gluten-free the contamination range (5-141 mg kg⁻¹) and number of samples were lower (3 of 268). This picture was consistent over time, with approximately the same percentage of samples above 20 mg kg⁻¹ in both the initial set and the subsequent lot. Looking at the total mean (composite) contamination for specific ingredients the largest and most consistent contaminations come from higher fibre ingredients such as soy (902 mg kg⁻¹), millet (272 mg kg⁻¹) and buckwheat (153 mg kg⁻¹). Of the naturally gluten-free flours and starches tested that do not contain a gluten-free label, the higher fibre ingredients would constitute the greatest probability of being contaminated with gluten above 20 mg kg⁻¹.']",The effect of dietary factors on nitrosoproline levels in human urine.,HEALTH_ADVICE,Article: Brominated flame retardants in US food.; Article: Carcinogenicity and regulation of caramel colorings.; Article: Gluten contamination of naturally gluten-free flours and starches used by Canadians with celiac disease.,,,,
How can you believe in any scientific study?,"Question: How can you believe in any scientific study?


Relevant medical references:
  - Myths, Presumptions, and Facts about Obesity

BACKGROUND Many beliefs about obesity persist in the absence of supporting scientific evidence (presumptions); some persist despite contradicting evidence (myths). The promulgation of unsupported beliefs may yield poorly informed policy decisions, inaccurate clinical and public health recommendations, and an unproductive allocation of research resources and may divert attention away from useful, evidence-based information. METHODS Using Internet searches of popular media and scientific literature, we identified, reviewed, and classified obesity-related myths and presumptions. We also examined facts that are well supported by evidence, with an emphasis on those that have practical implications for public health, policy, or clinical recommendations. RESULTS We identified seven obesity-related myths concerning the effects of small sustained increases in energy intake or expenditure, establishment of realistic goals for weight loss, rapid weight loss, weight-loss readiness, physical-education classes, breast-feeding, and energy expended during sexual activity. We also identified six presumptions about the purported effects of regularly eating breakfast, early childhood experiences, eating fruits and vegetables, weight cycling, snacking, and the built (i.e., human-made) environment. Finally, we identified nine evidence-supported facts that are relevant for the formulation of sound public health, policy, or clinical recommendations. CONCLUSIONS False and scientifically unsupported beliefs about obesity are pervasive in both scientific literature and the popular press. (Funded by the National Institutes of Health.)  (Source: Article: Myths, Presumptions, and Facts about Obesity)
  - Fibromyalgia and nutrition, what do we know?

Many people suffer from fibromyalgia (FM) without an effective treatment. They do not have a good quality of life and cannot maintain normal daily activity. Among the different hypotheses for its ethiopathophysiology, oxidative stress is one of the possibilities. Non-scientific information addressed to patients regarding the benefits of nutrition is widely available, and they are used to trying non-evidenced strategies. The aim of this paper is to find out what we know right now from scientific studies regarding fibromyalgia disease and nutritional status, diets and food supplements. A systematic search has been performed on Medline with a wide range of terms about these nutritional issues. The search has been made during 2009, for articles published between 1998 and 2008. TARGET POPULATION: people suffering from FM. Vegetarian diets could have some beneficial effects probably due to the increase in antioxidant intake. There is a high prevalence of obesity and overweight in patients, and weight control seems to be an effective tool to improve the symptoms. Some nutritional deficiencies have been described, it is not clear whether they are directly related to this disease or not. About the usefulness of some food supplements we found very little data, and it seems that more studies are needed to prove which ones could be of help. Dietary advice is necessary to these patients to improve their diets and maintain normal weight. It would be interesting to investigate more in the field of nutrition and FM to reveal any possible relationships.  (Source: Article: Fibromyalgia and nutrition, what do we know?)
  - Aromatherapy facts and fictions: a scientific analysis of olfactory effects on mood, physiology and behavior.

A systematic review of scientific experimentation addressing olfactory effects on mood, physiology and behavior was undertaken. From this review, 18 studies meeting stringent empirical criteria were then analyzed in detail and it was found that credible evidence that odors can affect mood, physiology and behavior exists. To explain these effects, pharmacological and psychological mechanisms were explored and a psychological interpretation of the data was found to be more comprehensive. Methodological problems regarding dependent measures and stimuli, which led to inconsistencies in the data were discussed, as were the mediating variables of culture, experience, sex differences, and personality.  (Source: Article: Aromatherapy facts and fictions: a scientific analysis of olfactory effects on mood, physiology and behavior.)","['Myths, Presumptions, and Facts about Obesity\n\nBACKGROUND Many beliefs about obesity persist in the absence of supporting scientific evidence (presumptions); some persist despite contradicting evidence (myths). The promulgation of unsupported beliefs may yield poorly informed policy decisions, inaccurate clinical and public health recommendations, and an unproductive allocation of research resources and may divert attention away from useful, evidence-based information. METHODS Using Internet searches of popular media and scientific literature, we identified, reviewed, and classified obesity-related myths and presumptions. We also examined facts that are well supported by evidence, with an emphasis on those that have practical implications for public health, policy, or clinical recommendations. RESULTS We identified seven obesity-related myths concerning the effects of small sustained increases in energy intake or expenditure, establishment of realistic goals for weight loss, rapid weight loss, weight-loss readiness, physical-education classes, breast-feeding, and energy expended during sexual activity. We also identified six presumptions about the purported effects of regularly eating breakfast, early childhood experiences, eating fruits and vegetables, weight cycling, snacking, and the built (i.e., human-made) environment. Finally, we identified nine evidence-supported facts that are relevant for the formulation of sound public health, policy, or clinical recommendations. CONCLUSIONS False and scientifically unsupported beliefs about obesity are pervasive in both scientific literature and the popular press. (Funded by the National Institutes of Health.)', 'Fibromyalgia and nutrition, what do we know?\n\nMany people suffer from fibromyalgia (FM) without an effective treatment. They do not have a good quality of life and cannot maintain normal daily activity. Among the different hypotheses for its ethiopathophysiology, oxidative stress is one of the possibilities. Non-scientific information addressed to patients regarding the benefits of nutrition is widely available, and they are used to trying non-evidenced strategies. The aim of this paper is to find out what we know right now from scientific studies regarding fibromyalgia disease and nutritional status, diets and food supplements. A systematic search has been performed on Medline with a wide range of terms about these nutritional issues. The search has been made during 2009, for articles published between 1998 and 2008. TARGET POPULATION: people suffering from FM. Vegetarian diets could have some beneficial effects probably due to the increase in antioxidant intake. There is a high prevalence of obesity and overweight in patients, and weight control seems to be an effective tool to improve the symptoms. Some nutritional deficiencies have been described, it is not clear whether they are directly related to this disease or not. About the usefulness of some food supplements we found very little data, and it seems that more studies are needed to prove which ones could be of help. Dietary advice is necessary to these patients to improve their diets and maintain normal weight. It would be interesting to investigate more in the field of nutrition and FM to reveal any possible relationships.', 'Aromatherapy facts and fictions: a scientific analysis of olfactory effects on mood, physiology and behavior.\n\nA systematic review of scientific experimentation addressing olfactory effects on mood, physiology and behavior was undertaken. From this review, 18 studies meeting stringent empirical criteria were then analyzed in detail and it was found that credible evidence that odors can affect mood, physiology and behavior exists. To explain these effects, pharmacological and psychological mechanisms were explored and a psychological interpretation of the data was found to be more comprehensive. Methodological problems regarding dependent measures and stimuli, which led to inconsistencies in the data were discussed, as were the mediating variables of culture, experience, sex differences, and personality.']",Cannabis and the lung.,HEALTH_ADVICE,"Article: Aromatherapy facts and fictions: a scientific analysis of olfactory effects on mood, physiology and behavior.; Article: Fibromyalgia and nutrition, what do we know?; Article: Myths, Presumptions, and Facts about Obesity",,,,
What about pepper plus turmeric in V8 juice?,"Question: What about pepper plus turmeric in V8 juice?


Relevant medical references:
  - Multitargeting by turmeric, the golden spice: From kitchen to clinic.

Although much has been published about curcumin, which is obtained from turmeric, comparatively little is known about turmeric itself. Turmeric, a golden spice obtained from the rhizome of the plant Curcuma longa, has been used to give color and taste to food preparations since ancient times. Traditionally, this spice has been used in Ayurveda and folk medicine for the treatment of such ailments as gynecological problems, gastric problems, hepatic disorders, infectious diseases, and blood disorders. Modern science has provided the scientific basis for the use of turmeric against such disorders. Various chemical constituents have been isolated from this spice, including polyphenols, sesquiterpenes, diterpenes, triterpenoids, sterols, and alkaloids. Curcumin, which constitutes 2-5% of turmeric, is perhaps the most-studied component. Although some of the activities of turmeric can be mimicked by curcumin, other activities are curcumin-independent. Cell-based studies have demonstrated the potential of turmeric as an antimicrobial, insecticidal, larvicidal, antimutagenic, radioprotector, and anticancer agent. Numerous animal studies have shown the potential of this spice against proinflammatory diseases, cancer, neurodegenerative diseases, depression, diabetes, obesity, and atherosclerosis. At the molecular level, this spice has been shown to modulate numerous cell-signaling pathways. In clinical trials, turmeric has shown efficacy against numerous human ailments including lupus nephritis, cancer, diabetes, irritable bowel syndrome, acne, and fibrosis. Thus, a spice originally common in the kitchen is now exhibiting activities in the clinic. In this review, we discuss the chemical constituents of turmeric, its biological activities, its molecular targets, and its potential in the clinic. © 2012 WILEY-VCH Verlag GmbH & Co. KGaA, Weinheim.  (Source: Article: Multitargeting by turmeric, the golden spice: From kitchen to clinic.)
  - Curcumin-free turmeric exhibits anti-inflammatory and anticancer activities: Identification of novel components of turmeric.

Turmeric, a dried powder derived from the rhizome of Curcuma longa, has been used for centuries in certain parts of the world and has been linked to numerous biological activities including antioxidant, anti-inflammatory, anticancer, antigrowth, anti-arthritic, anti-atherosclerotic, antidepressant, anti-aging, antidiabetic, antimicrobial, wound healing, and memory-enhancing activities. One component of turmeric is curcumin, which has been extensively studied, as indicated by more than 5600 citations, most of which have appeared within the past decade. Recent research has identified numerous chemical entities from turmeric other than curcumin. It is unclear whether all of the activities ascribed to turmeric are due to curcumin or whether other compounds in turmeric can manifest these activities uniquely, additively, or synergistically with curcumin. However, studies have indicated that turmeric oil, present in turmeric, can enhance the bioavailability of curcumin. Studies over the past decade have indicated that curcumin-free turmeric (CFT) components possess numerous biological activities including anti-inflammatory, anticancer, and antidiabetic activities. Elemene derived from turmeric is approved in China for the treatment of cancer. The current review focuses on the anticancer and anti-inflammatory activities exhibited by CFT and by some individual components of turmeric, including turmerin, turmerone, elemene, furanodiene, curdione, bisacurone, cyclocurcumin, calebin A, and germacrone. © 2013 WILEY-VCH Verlag GmbH & Co. KGaA, Weinheim.  (Source: Article: Curcumin-free turmeric exhibits anti-inflammatory and anticancer activities: Identification of novel components of turmeric.)
  - Dietary turmeric potentially reduces the risk of cancer.

Turmeric, a plant rhizome that is often dried, ground and used as a cooking spice, has also been used medicinally for several thousand years. Curcumin, the phytochemical that gives turmeric its golden color, is responsible for most of the therapeutic effects of turmeric. In recent years curcumin has been studied for its effects on chronic diseases such as diabetes, Alzheimer's, and cancer. Though many researchers are investigating turmeric/curcumin in cancer therapy, there is little epidemiologic information on the effects of turmeric consumption. With limited availability of pharmacologic interventions in many areas of the world, use of turmeric in the diet may help to alleviate some of the disease burden through prevention. Here we provide a brief overview of turmeric consumption in different parts of the world, cancer rates in those regions, possible biochemical mechanisms by which turmeric acts and practical recommendations based on the information available.  (Source: Article: Dietary turmeric potentially reduces the risk of cancer.)","['Multitargeting by turmeric, the golden spice: From kitchen to clinic.\n\nAlthough much has been published about curcumin, which is obtained from turmeric, comparatively little is known about turmeric itself. Turmeric, a golden spice obtained from the rhizome of the plant Curcuma longa, has been used to give color and taste to food preparations since ancient times. Traditionally, this spice has been used in Ayurveda and folk medicine for the treatment of such ailments as gynecological problems, gastric problems, hepatic disorders, infectious diseases, and blood disorders. Modern science has provided the scientific basis for the use of turmeric against such disorders. Various chemical constituents have been isolated from this spice, including polyphenols, sesquiterpenes, diterpenes, triterpenoids, sterols, and alkaloids. Curcumin, which constitutes 2-5% of turmeric, is perhaps the most-studied component. Although some of the activities of turmeric can be mimicked by curcumin, other activities are curcumin-independent. Cell-based studies have demonstrated the potential of turmeric as an antimicrobial, insecticidal, larvicidal, antimutagenic, radioprotector, and anticancer agent. Numerous animal studies have shown the potential of this spice against proinflammatory diseases, cancer, neurodegenerative diseases, depression, diabetes, obesity, and atherosclerosis. At the molecular level, this spice has been shown to modulate numerous cell-signaling pathways. In clinical trials, turmeric has shown efficacy against numerous human ailments including lupus nephritis, cancer, diabetes, irritable bowel syndrome, acne, and fibrosis. Thus, a spice originally common in the kitchen is now exhibiting activities in the clinic. In this review, we discuss the chemical constituents of turmeric, its biological activities, its molecular targets, and its potential in the clinic. © 2012 WILEY-VCH Verlag GmbH & Co. KGaA, Weinheim.', 'Curcumin-free turmeric exhibits anti-inflammatory and anticancer activities: Identification of novel components of turmeric.\n\nTurmeric, a dried powder derived from the rhizome of Curcuma longa, has been used for centuries in certain parts of the world and has been linked to numerous biological activities including antioxidant, anti-inflammatory, anticancer, antigrowth, anti-arthritic, anti-atherosclerotic, antidepressant, anti-aging, antidiabetic, antimicrobial, wound healing, and memory-enhancing activities. One component of turmeric is curcumin, which has been extensively studied, as indicated by more than 5600 citations, most of which have appeared within the past decade. Recent research has identified numerous chemical entities from turmeric other than curcumin. It is unclear whether all of the activities ascribed to turmeric are due to curcumin or whether other compounds in turmeric can manifest these activities uniquely, additively, or synergistically with curcumin. However, studies have indicated that turmeric oil, present in turmeric, can enhance the bioavailability of curcumin. Studies over the past decade have indicated that curcumin-free turmeric (CFT) components possess numerous biological activities including anti-inflammatory, anticancer, and antidiabetic activities. Elemene derived from turmeric is approved in China for the treatment of cancer. The current review focuses on the anticancer and anti-inflammatory activities exhibited by CFT and by some individual components of turmeric, including turmerin, turmerone, elemene, furanodiene, curdione, bisacurone, cyclocurcumin, calebin A, and germacrone. © 2013 WILEY-VCH Verlag GmbH & Co. KGaA, Weinheim.', ""Dietary turmeric potentially reduces the risk of cancer.\n\nTurmeric, a plant rhizome that is often dried, ground and used as a cooking spice, has also been used medicinally for several thousand years. Curcumin, the phytochemical that gives turmeric its golden color, is responsible for most of the therapeutic effects of turmeric. In recent years curcumin has been studied for its effects on chronic diseases such as diabetes, Alzheimer's, and cancer. Though many researchers are investigating turmeric/curcumin in cancer therapy, there is little epidemiologic information on the effects of turmeric consumption. With limited availability of pharmacologic interventions in many areas of the world, use of turmeric in the diet may help to alleviate some of the disease burden through prevention. Here we provide a brief overview of turmeric consumption in different parts of the world, cancer rates in those regions, possible biochemical mechanisms by which turmeric acts and practical recommendations based on the information available.""]",Habitual dietary sodium intake is inversely associated with coronary flow reserve in middle-aged male twins,HEALTH_ADVICE,"Article: Curcumin-free turmeric exhibits anti-inflammatory and anticancer activities: Identification of novel components of turmeric.; Article: Dietary turmeric potentially reduces the risk of cancer.; Article: Multitargeting by turmeric, the golden spice: From kitchen to clinic.",,,,
Are Multivitamins Good For You?,"Question: Are Multivitamins Good For You?


Relevant medical references:
  - Who uses multivitamins? A cross-sectional study in the Physicians' Health Study.

PURPOSE: The aim of this study was to examine the prevalence of self-reported multivitamin use in the Physicians' Health Study (PHS) cohort and its association with various lifestyle, clinical, and dietary factors to improve our understanding of who tends to use multivitamins. METHODS: Among 18,040 middle-aged and older men, information on lifestyle and clinical factors was collected from a baseline enrollment questionnaire, and supplement use and dietary factors were assessed through a food-frequency questionnaire. Four categories of multivitamin use were considered: (1) no supplement use, (2) use of multivitamins only, (3) use of multivitamins with other individual vitamin/mineral supplements, and (4) use of other supplements only. We used logistic regression to calculate multivariate odds ratios and 95% confidence intervals of taking multivitamin supplements for various lifestyle, clinical and dietary factors. RESULTS: Overall, 36% of men reported current multivitamin use. Men who were older, current smokers, and currently using aspirin were 143, 43, and 74% more likely to use multivitamins only. Men having a history of hypercholesterolemia were 16% more likely to use multivitamins only. A 14, 24, and 26% greater likelihood of using multivitamins was also observed among men consuming more fruits and vegetables, whole grains, and tea, respectively. Similar associations were observed for the likelihood of using multivitamins with other supplements; however, men with higher physical activity, history of cancer, hypertension, higher consumption of nuts, and lower consumption of red meat and coffee were also more likely to use multivitamins with other supplements (all P < 0.05). CONCLUSION: Self-reported multivitamin use associated with lifestyle, clinical and dietary factors may be an indicator of healthy behaviors. These results provide important information for the interpretation of the recent findings from the PHS II trial and consideration of results from observational studies of multivitamin use and chronic disease.  (Source: Article: Who uses multivitamins? A cross-sectional study in the Physicians' Health Study.)
  - Multivitamins in the Prevention of Cardiovascular Disease in Men: The Physicians' Health Study II Randomized Controlled Trial

Context Though multivitamins aim to prevent vitamin and mineral deficiency, there is a perception that multivitamins may prevent cardiovascular disease (CVD). Observational studies examining regular multivitamin use have been inconsistently associated with CVD, with no long-term clinical trials of multivitamin use. Objective To determine whether long-term multivitamin supplementation decreases the risk of major cardiovascular events among men. Design The Physicians' Health Study II is a randomized, double-blind, placebo-controlled trial of a common daily multivitamin, that began in 1997 with continued treatment and follow-up through June 1, 2011. Setting and Participants A total of 14,641 male U.S. physicians initially aged ≥50 years (mean [± SD] age; 64.3 [± 9.2] years), including 754 men with a history of CVD at randomization, were enrolled. Intervention Daily multivitamin, as Centrum Silver. Main Outcome Measures The primary cardiovascular outcome was a composite endpoint of major cardiovascular events, including nonfatal myocardial infarction (MI), nonfatal stroke, and fatal CVD. Secondary outcomes included MI and stroke individually. Results During a median (interquartile range) follow-up of 11.2 (10.7 to 13.3) years, there were 1,732 confirmed major cardiovascular events. Compared with placebo, there was no significant effect of a daily multivitamin on major cardiovascular events (active and placebo multivitamin groups, 11.0 and 10.8 events per 1,000 person-years; hazard ratio [HR], 1.01; 95% confidence interval [CI], 0.91–1.10; P=0.91). Further, a daily multivitamin had no effect on total MI (active and placebo multivitamin groups, 3.9 and 4.2 events per 1,000 person-years; HR, 0.93; 95% CI, 0.80–1.09; P=0.39), total stroke (active and placebo multivitamin groups, 4.1 and 3.9 events per 1,000 person-years; HR, 1.06; 95% CI, 0.91–1.23; P=0.48), or cardiovascular mortality (active and placebo multivitamin groups, 5.0 and 5.1 events per 1,000 person-years; HR, 0.95; 95% CI, 0.83–1.09; P=0.47). A daily multivitamin was also not significantly associated with total mortality (HR, 0.94; 95% CI, 0.88–1.02; P=0.13). The effect of a daily multivitamin on major cardiovascular events did not differ between men with or without a baseline history of CVD (P, interaction = 0.62). Conclusions A daily multivitamin did not reduce major cardiovascular events, MI, stroke, and CVD mortality after more than a decade of treatment and follow-up.  (Source: Article: Multivitamins in the Prevention of Cardiovascular Disease in Men: The Physicians' Health Study II Randomized Controlled Trial)
  - Multivitamin-multimineral supplementation and mortality: a meta-analysis of randomized controlled trials.

BACKGROUND: Multivitamins are the most commonly used supplement in the developed world. Recent epidemiologic findings suggest that multivitamin use increases the risk of mortality. OBJECTIVE: We aimed to determine whether multivitamin-multimineral treatment, used for primary or secondary prevention, increases the risk of mortality in independently living adults. DESIGN: We performed a meta-analysis of randomized controlled trials. Multiple electronic databases were systematically searched from March to October 2012. Randomized controlled primary or secondary prevention trials were considered for inclusion. Eligible trials investigated daily multivitamin-multimineral supplementation for ≥1 y. Cohorts described as institutionalized or as having terminal illness (tertiary prevention) were excluded. The number of deaths and the sample size of each study arm were extracted independently by 2 researchers. Twenty-one articles were included in the analysis, which generated a total pooled sample of 91,074 people and 8794 deaths. These trials were pooled in a meta-analysis, and the outcomes were expressed as RRs and 95% CIs. RESULTS: The average age of the pooled sample was 62 y, and the average duration of supplementation was 43 mo. Across all studies, no effect of multivitamin-multimineral treatment on all-cause mortality (RR: 0.98; 95% CI: 0.94, 1.02) was observed. There was a trend for a reduced risk of all-cause mortality across primary prevention trials (RR: 0.94; 95% CI: 0.89, 1.00). Multivitamin-multimineral treatment had no effect on mortality due to vascular causes (RR: 1.01; 95% CI: 0.93, 1.09) or cancer (RR: 0.96; 95% CI: 0.88, 1.04). No statistical evidence of heterogeneity or publication bias was observed. CONCLUSION: Multivitamin-multimineral treatment has no effect on mortality risk.  (Source: Article: Multivitamin-multimineral supplementation and mortality: a meta-analysis of randomized controlled trials.)","[""Who uses multivitamins? A cross-sectional study in the Physicians' Health Study.\n\nPURPOSE: The aim of this study was to examine the prevalence of self-reported multivitamin use in the Physicians' Health Study (PHS) cohort and its association with various lifestyle, clinical, and dietary factors to improve our understanding of who tends to use multivitamins. METHODS: Among 18,040 middle-aged and older men, information on lifestyle and clinical factors was collected from a baseline enrollment questionnaire, and supplement use and dietary factors were assessed through a food-frequency questionnaire. Four categories of multivitamin use were considered: (1) no supplement use, (2) use of multivitamins only, (3) use of multivitamins with other individual vitamin/mineral supplements, and (4) use of other supplements only. We used logistic regression to calculate multivariate odds ratios and 95% confidence intervals of taking multivitamin supplements for various lifestyle, clinical and dietary factors. RESULTS: Overall, 36% of men reported current multivitamin use. Men who were older, current smokers, and currently using aspirin were 143, 43, and 74% more likely to use multivitamins only. Men having a history of hypercholesterolemia were 16% more likely to use multivitamins only. A 14, 24, and 26% greater likelihood of using multivitamins was also observed among men consuming more fruits and vegetables, whole grains, and tea, respectively. Similar associations were observed for the likelihood of using multivitamins with other supplements; however, men with higher physical activity, history of cancer, hypertension, higher consumption of nuts, and lower consumption of red meat and coffee were also more likely to use multivitamins with other supplements (all P < 0.05). CONCLUSION: Self-reported multivitamin use associated with lifestyle, clinical and dietary factors may be an indicator of healthy behaviors. These results provide important information for the interpretation of the recent findings from the PHS II trial and consideration of results from observational studies of multivitamin use and chronic disease."", ""Multivitamins in the Prevention of Cardiovascular Disease in Men: The Physicians' Health Study II Randomized Controlled Trial\n\nContext Though multivitamins aim to prevent vitamin and mineral deficiency, there is a perception that multivitamins may prevent cardiovascular disease (CVD). Observational studies examining regular multivitamin use have been inconsistently associated with CVD, with no long-term clinical trials of multivitamin use. Objective To determine whether long-term multivitamin supplementation decreases the risk of major cardiovascular events among men. Design The Physicians' Health Study II is a randomized, double-blind, placebo-controlled trial of a common daily multivitamin, that began in 1997 with continued treatment and follow-up through June 1, 2011. Setting and Participants A total of 14,641 male U.S. physicians initially aged ≥50 years (mean [± SD] age; 64.3 [± 9.2] years), including 754 men with a history of CVD at randomization, were enrolled. Intervention Daily multivitamin, as Centrum Silver. Main Outcome Measures The primary cardiovascular outcome was a composite endpoint of major cardiovascular events, including nonfatal myocardial infarction (MI), nonfatal stroke, and fatal CVD. Secondary outcomes included MI and stroke individually. Results During a median (interquartile range) follow-up of 11.2 (10.7 to 13.3) years, there were 1,732 confirmed major cardiovascular events. Compared with placebo, there was no significant effect of a daily multivitamin on major cardiovascular events (active and placebo multivitamin groups, 11.0 and 10.8 events per 1,000 person-years; hazard ratio [HR], 1.01; 95% confidence interval [CI], 0.91–1.10; P=0.91). Further, a daily multivitamin had no effect on total MI (active and placebo multivitamin groups, 3.9 and 4.2 events per 1,000 person-years; HR, 0.93; 95% CI, 0.80–1.09; P=0.39), total stroke (active and placebo multivitamin groups, 4.1 and 3.9 events per 1,000 person-years; HR, 1.06; 95% CI, 0.91–1.23; P=0.48), or cardiovascular mortality (active and placebo multivitamin groups, 5.0 and 5.1 events per 1,000 person-years; HR, 0.95; 95% CI, 0.83–1.09; P=0.47). A daily multivitamin was also not significantly associated with total mortality (HR, 0.94; 95% CI, 0.88–1.02; P=0.13). The effect of a daily multivitamin on major cardiovascular events did not differ between men with or without a baseline history of CVD (P, interaction = 0.62). Conclusions A daily multivitamin did not reduce major cardiovascular events, MI, stroke, and CVD mortality after more than a decade of treatment and follow-up."", 'Multivitamin-multimineral supplementation and mortality: a meta-analysis of randomized controlled trials.\n\nBACKGROUND: Multivitamins are the most commonly used supplement in the developed world. Recent epidemiologic findings suggest that multivitamin use increases the risk of mortality. OBJECTIVE: We aimed to determine whether multivitamin-multimineral treatment, used for primary or secondary prevention, increases the risk of mortality in independently living adults. DESIGN: We performed a meta-analysis of randomized controlled trials. Multiple electronic databases were systematically searched from March to October 2012. Randomized controlled primary or secondary prevention trials were considered for inclusion. Eligible trials investigated daily multivitamin-multimineral supplementation for ≥1 y. Cohorts described as institutionalized or as having terminal illness (tertiary prevention) were excluded. The number of deaths and the sample size of each study arm were extracted independently by 2 researchers. Twenty-one articles were included in the analysis, which generated a total pooled sample of 91,074 people and 8794 deaths. These trials were pooled in a meta-analysis, and the outcomes were expressed as RRs and 95% CIs. RESULTS: The average age of the pooled sample was 62 y, and the average duration of supplementation was 43 mo. Across all studies, no effect of multivitamin-multimineral treatment on all-cause mortality (RR: 0.98; 95% CI: 0.94, 1.02) was observed. There was a trend for a reduced risk of all-cause mortality across primary prevention trials (RR: 0.94; 95% CI: 0.89, 1.00). Multivitamin-multimineral treatment had no effect on mortality due to vascular causes (RR: 1.01; 95% CI: 0.93, 1.09) or cancer (RR: 0.96; 95% CI: 0.88, 1.04). No statistical evidence of heterogeneity or publication bias was observed. CONCLUSION: Multivitamin-multimineral treatment has no effect on mortality risk.']",MULTIVITAMIN USE AND RISK OF CANCER AND CARDIOVASCULAR DISEASE IN THE WOMEN’S HEALTH INITIATIVE COHORTS,BOTH,Article: Multivitamin-multimineral supplementation and mortality: a meta-analysis of randomized controlled trials.; Article: Multivitamins in the Prevention of Cardiovascular Disease in Men: The Physicians' Health Study II Randomized Controlled Trial; Article: Who uses multivitamins? A cross-sectional study in the Physicians' Health Study.,,,,
Is Dragon Fruit Good For You?,"Question: Is Dragon Fruit Good For You?


Relevant medical references:
  - Studies on the antidiarrhoeal effect of dragon's blood from Croton urucurana.

The red sap obtained by slashing the bark of Croton urucurana Baill. (Euphorbiaceae), also known as dragon's blood, was screened for a possible antidiarrhoeal activity on castor oil-induced diarrhoea in rats, cholera toxin-induced intestinal secretion in mice and on small intestinal transit in mice. Dragon's blood at an oral dose of 600 mg/kg caused in marked inhibition of the diarrhoeal response following castor oil administration as well as the intestinal fluid accumulation promoted by cholera toxin. At a similar dose the red sap significantly inhibited the small intestinal transit which was, however, found to be independent of the opioid mechanism. These results suggest a potential usefulness of the red sap from Croton urucurana Baill. in the control of secretory diarrhoea associated pathologies. Copyright 2001 John Wiley & Sons, Ltd.  (Source: Article: Studies on the antidiarrhoeal effect of dragon's blood from Croton urucurana.)
  - Mutagenic and antioxidant activities of Croton lechleri sap in biological systems.

The sap of Croton lechleri Muell.-Arg (Euphorbiaceae), called Dragon's blood, is used in folk medicine as a cicatrizant, anti-inflammatory and to treat cancer. In this research, the antioxidant activity of Croton lechleri sap was evaluated against the yeast Saccharomyces cerevisiae and against maize plantlets treated with the oxidative agents apomorphine and hydrogen peroxide. The mutagenic activity of the sap was also analyzed using the Salmonella/microsome assay (Salmonella typhimurium TA97a, TA98, TA100, TA102, TA1535) and in cells of the yeast Saccharomyces cerevisiae. The results showed that Croton lechleri sap possesses significant antioxidant activity against the oxidative damages induced by apomorphine in Saccharomyces cerevisiae under all the conditions studied. However, in the case of hydrogen peroxide, antioxidant activity of the sap was detected only in cells in the stationary phase of growth. The sap was also able to protect cells of the maize plantlets from the toxic effect of apomorphine. This sap showed mutagenic activity for strain TA1535 of Salmonella typhimurium in the presence of metabolic activation and a weak mutagenic activity for strain TA98. These strains detect base pair substitutions and frameshift mutations, respectively. Mutagenicity was also observed in a haploid Saccharomyces cerevisiae strain XV185-14c for the lys1-1, his1-7 locus-specific reversion and hom3-10 frameshift mutations.  (Source: Article: Mutagenic and antioxidant activities of Croton lechleri sap in biological systems.)
  - Effect of fruit restriction on glycemic control in patients with type 2 diabetes – a randomized trial

Background Medical nutrition therapy is recognized as an important treatment option in type 2 diabetes. Most guidelines recommend eating a diet with a high intake of fiber-rich food including fruit. This is based on the many positive effects of fruit on human health. However some health professionals have concerns that fruit intake has a negative impact on glycemic control and therefore recommend restricting the fruit intake. We found no studies addressing this important clinical question. The objective was to investigate whether an advice to reduce the intake of fruit to patients with type 2 diabetes affects HbA1c, bodyweight, waist circumference and fruit intake. Methods This was an open randomized controlled trial with two parallel groups. The primary outcome was a change in HbA1c during 12 weeks of intervention. Participants were randomized to one of two interventions; medical nutrition therapy + advice to consume at least two pieces of fruit a day (high-fruit) or medical nutrition therapy + advice to consume no more than two pieces of fruit a day (low-fruit). All participants had two consultations with a registered dietitian. Fruit intake was self-reported using 3-day fruit records and dietary recalls. All assessments were made by the “intention to treat” principle. Results The study population consisted of 63 men and women with newly diagnosed type 2 diabetes. All patients completed the trial. The high-fruit group increased fruit intake with 125 grams (CI 95%; 78 to 172) and the low-fruit group reduced intake with 51 grams (CI 95%; -18 to −83). HbA1c decreased in both groups with no difference between the groups (diff.: 0.19%, CI 95%; -0.23 to 0.62). Both groups reduced body weight and waist circumference, however there was no difference between the groups. Conclusions A recommendation to reduce fruit intake as part of standard medical nutrition therapy in overweight patients with newly diagnosed type 2 diabetes resulted in eating less fruit. It had however no effect on HbA1c, weight loss or waist circumference. We recommend that the intake of fruit should not be restricted in patients with type 2 diabetes. Trial registration http://www.clinicaltrials.gov; Identifier: NCT01010594.  (Source: Article: Effect of fruit restriction on glycemic control in patients with type 2 diabetes – a randomized trial)","[""Studies on the antidiarrhoeal effect of dragon's blood from Croton urucurana.\n\nThe red sap obtained by slashing the bark of Croton urucurana Baill. (Euphorbiaceae), also known as dragon's blood, was screened for a possible antidiarrhoeal activity on castor oil-induced diarrhoea in rats, cholera toxin-induced intestinal secretion in mice and on small intestinal transit in mice. Dragon's blood at an oral dose of 600 mg/kg caused in marked inhibition of the diarrhoeal response following castor oil administration as well as the intestinal fluid accumulation promoted by cholera toxin. At a similar dose the red sap significantly inhibited the small intestinal transit which was, however, found to be independent of the opioid mechanism. These results suggest a potential usefulness of the red sap from Croton urucurana Baill. in the control of secretory diarrhoea associated pathologies. Copyright 2001 John Wiley & Sons, Ltd."", ""Mutagenic and antioxidant activities of Croton lechleri sap in biological systems.\n\nThe sap of Croton lechleri Muell.-Arg (Euphorbiaceae), called Dragon's blood, is used in folk medicine as a cicatrizant, anti-inflammatory and to treat cancer. In this research, the antioxidant activity of Croton lechleri sap was evaluated against the yeast Saccharomyces cerevisiae and against maize plantlets treated with the oxidative agents apomorphine and hydrogen peroxide. The mutagenic activity of the sap was also analyzed using the Salmonella/microsome assay (Salmonella typhimurium TA97a, TA98, TA100, TA102, TA1535) and in cells of the yeast Saccharomyces cerevisiae. The results showed that Croton lechleri sap possesses significant antioxidant activity against the oxidative damages induced by apomorphine in Saccharomyces cerevisiae under all the conditions studied. However, in the case of hydrogen peroxide, antioxidant activity of the sap was detected only in cells in the stationary phase of growth. The sap was also able to protect cells of the maize plantlets from the toxic effect of apomorphine. This sap showed mutagenic activity for strain TA1535 of Salmonella typhimurium in the presence of metabolic activation and a weak mutagenic activity for strain TA98. These strains detect base pair substitutions and frameshift mutations, respectively. Mutagenicity was also observed in a haploid Saccharomyces cerevisiae strain XV185-14c for the lys1-1, his1-7 locus-specific reversion and hom3-10 frameshift mutations."", 'Effect of fruit restriction on glycemic control in patients with type 2 diabetes – a randomized trial\n\nBackground Medical nutrition therapy is recognized as an important treatment option in type 2 diabetes. Most guidelines recommend eating a diet with a high intake of fiber-rich food including fruit. This is based on the many positive effects of fruit on human health. However some health professionals have concerns that fruit intake has a negative impact on glycemic control and therefore recommend restricting the fruit intake. We found no studies addressing this important clinical question. The objective was to investigate whether an advice to reduce the intake of fruit to patients with type 2 diabetes affects HbA1c, bodyweight, waist circumference and fruit intake. Methods This was an open randomized controlled trial with two parallel groups. The primary outcome was a change in HbA1c during 12 weeks of intervention. Participants were randomized to one of two interventions; medical nutrition therapy + advice to consume at least two pieces of fruit a day (high-fruit) or medical nutrition therapy + advice to consume no more than two pieces of fruit a day (low-fruit). All participants had two consultations with a registered dietitian. Fruit intake was self-reported using 3-day fruit records and dietary recalls. All assessments were made by the “intention to treat” principle. Results The study population consisted of 63 men and women with newly diagnosed type 2 diabetes. All patients completed the trial. The high-fruit group increased fruit intake with 125 grams (CI 95%; 78 to 172) and the low-fruit group reduced intake with 51 grams (CI 95%; -18 to −83). HbA1c decreased in both groups with no difference between the groups (diff.: 0.19%, CI 95%; -0.23 to 0.62). Both groups reduced body weight and waist circumference, however there was no difference between the groups. Conclusions A recommendation to reduce fruit intake as part of standard medical nutrition therapy in overweight patients with newly diagnosed type 2 diabetes resulted in eating less fruit. It had however no effect on HbA1c, weight loss or waist circumference. We recommend that the intake of fruit should not be restricted in patients with type 2 diabetes. Trial registration http://www.clinicaltrials.gov; Identifier: NCT01010594.']",Crohn's Disease-Associated Adherent-Invasive Escherichia coli Adhesion Is Enhanced by Exposure to the Ubiquitous Dietary Polysaccharide Maltodextrin,HEALTH_ADVICE,Article: Effect of fruit restriction on glycemic control in patients with type 2 diabetes – a randomized trial; Article: Mutagenic and antioxidant activities of Croton lechleri sap in biological systems.; Article: Studies on the antidiarrhoeal effect of dragon's blood from Croton urucurana.,,,,
Is annatto food coloring safe?,"Question: Is annatto food coloring safe?


Relevant medical references:
  - Anaphylaxis to annatto dye: a case report.

Annatto dye is an orange-yellow food coloring extracted from the seeds of the tree Bixa orellana. It is commonly used in cheeses, snack foods, beverages, and cereals. Previously reported adverse reactions associated with annatto dye have included urticaria and angioedema. We present a patient who developed urticaria, angioedema, and severe hypotension within 20 minutes following ingestion of milk and Fiber One cereal, which contained annatto dye. Subsequent skin tests to milk, wheat, and corn were negative. The patient had a strong positive skin test to annatto dye, while controls had no response. The nondialyzable fraction of annatto dye on SDS-PAGE demonstrated two protein staining bands in the range of 50 kD. Immunoblotting demonstrated patient IgE-specific for one of these bands, while controls showed no binding. Annatto dye may contain contaminating or residual seed proteins to which our patient developed IgE hypersensitivity. Annatto dye is a potential rare cause of anaphylaxis.  (Source: Article: Anaphylaxis to annatto dye: a case report.)
  - Toxicology of food dyes.

BACKGROUND: Food dyes, synthesized originally from coal tar and now petroleum, have long been controversial because of safety concerns. Many dyes have been banned because of their adverse effects on laboratory animals or inadequate testing. CONCLUSIONS: This review finds that all of the nine currently US-approved dyes raise health concerns of varying degrees. Red 3 causes cancer in animals, and there is evidence that several other dyes also are carcinogenic. Three dyes (Red 40, Yellow 5, and Yellow 6) have been found to be contaminated with benzidine or other carcinogens. At least four dyes (Blue 1, Red 40, Yellow 5, and Yellow 6) cause hypersensitivity reactions. Numerous microbiological and rodent studies of Yellow 5 were positive for genotoxicity. Toxicity tests on two dyes (Citrus Red 2 and Orange B) also suggest safety concerns, but Citrus Red 2 is used at low levels and only on some Florida oranges and Orange B has not been used for several years. The inadequacy of much of the testing and the evidence for carcinogenicity, genotoxicity, and hypersensitivity, coupled with the fact that dyes do not improve the safety or nutritional quality of foods, indicates that all of the currently used dyes should be removed from the food supply and replaced, if at all, by safer colorings. It is recommended that regulatory authorities require better and independent toxicity testing, exercise greater caution regarding continued approval of these dyes, and in the future approve only well-tested, safe dyes.  (Source: Article: Toxicology of food dyes.)
  - Carcinogenicity and regulation of caramel colorings.

2- and 4-methylimidazoles are present as contaminants in caramel colorings manufactured with ammonia catalysts. Both contaminants have been shown to induce cancer in animals and may be present in caramel colorings in amounts that exceed federal guidelines. California requires warning notices on products that could lead to consumption of more than 30 micrograms per day. The US Food and Drug Administration should bar the use of excessively contaminated caramel coloring in food.  (Source: Article: Carcinogenicity and regulation of caramel colorings.)","['Anaphylaxis to annatto dye: a case report.\n\nAnnatto dye is an orange-yellow food coloring extracted from the seeds of the tree Bixa orellana. It is commonly used in cheeses, snack foods, beverages, and cereals. Previously reported adverse reactions associated with annatto dye have included urticaria and angioedema. We present a patient who developed urticaria, angioedema, and severe hypotension within 20 minutes following ingestion of milk and Fiber One cereal, which contained annatto dye. Subsequent skin tests to milk, wheat, and corn were negative. The patient had a strong positive skin test to annatto dye, while controls had no response. The nondialyzable fraction of annatto dye on SDS-PAGE demonstrated two protein staining bands in the range of 50 kD. Immunoblotting demonstrated patient IgE-specific for one of these bands, while controls showed no binding. Annatto dye may contain contaminating or residual seed proteins to which our patient developed IgE hypersensitivity. Annatto dye is a potential rare cause of anaphylaxis.', 'Toxicology of food dyes.\n\nBACKGROUND: Food dyes, synthesized originally from coal tar and now petroleum, have long been controversial because of safety concerns. Many dyes have been banned because of their adverse effects on laboratory animals or inadequate testing. CONCLUSIONS: This review finds that all of the nine currently US-approved dyes raise health concerns of varying degrees. Red 3 causes cancer in animals, and there is evidence that several other dyes also are carcinogenic. Three dyes (Red 40, Yellow 5, and Yellow 6) have been found to be contaminated with benzidine or other carcinogens. At least four dyes (Blue 1, Red 40, Yellow 5, and Yellow 6) cause hypersensitivity reactions. Numerous microbiological and rodent studies of Yellow 5 were positive for genotoxicity. Toxicity tests on two dyes (Citrus Red 2 and Orange B) also suggest safety concerns, but Citrus Red 2 is used at low levels and only on some Florida oranges and Orange B has not been used for several years. The inadequacy of much of the testing and the evidence for carcinogenicity, genotoxicity, and hypersensitivity, coupled with the fact that dyes do not improve the safety or nutritional quality of foods, indicates that all of the currently used dyes should be removed from the food supply and replaced, if at all, by safer colorings. It is recommended that regulatory authorities require better and independent toxicity testing, exercise greater caution regarding continued approval of these dyes, and in the future approve only well-tested, safe dyes.', 'Carcinogenicity and regulation of caramel colorings.\n\n2- and 4-methylimidazoles are present as contaminants in caramel colorings manufactured with ammonia catalysts. Both contaminants have been shown to induce cancer in animals and may be present in caramel colorings in amounts that exceed federal guidelines. California requires warning notices on products that could lead to consumption of more than 30 micrograms per day. The US Food and Drug Administration should bar the use of excessively contaminated caramel coloring in food.']",Anaphylaxis to annatto dye: a case report.,HEALTH_ADVICE,Article: Anaphylaxis to annatto dye: a case report.; Article: Carcinogenicity and regulation of caramel colorings.; Article: Toxicology of food dyes.,,,,
How to Help Prevent Abdominal Aortic Aneurysms,"Question: How to Help Prevent Abdominal Aortic Aneurysms


Relevant medical references:
  - Analysis of risk factors for abdominal aortic aneurysm in a cohort of more than 3 million individuals.

BACKGROUND: Abdominal aortic aneurysm (AAA) disease is an insidious condition with an 85% chance of death after rupture. Ultrasound screening can reduce mortality, but its use is advocated only for a limited subset of the population at risk. METHODS: We used data from a retrospective cohort of 3.1 million patients who completed a medical and lifestyle questionnaire and were evaluated by ultrasound imaging for the presence of AAA by Life Line Screening in 2003 to 2008. Risk factors associated with AAA were identified using multivariable logistic regression analysis. RESULTS: We observed a positive association with increasing years of smoking and cigarettes smoked and a negative association with smoking cessation. Excess weight was associated with increased risk, whereas exercise and consumption of nuts, vegetables, and fruits were associated with reduced risk. Blacks, Hispanics, and Asians had lower risk of AAA than whites and Native Americans. Well-known risk factors were reaffirmed, including male gender, age, family history, and cardiovascular disease. A predictive scoring system was created that identifies aneurysms more efficiently than current criteria and includes women, nonsmokers, and individuals aged <65 years. Using this model on national statistics of risk factors prevalence, we estimated 1.1 million AAAs in the United States, of which 569,000 are among women, nonsmokers, and individuals aged <65 years. CONCLUSIONS: Smoking cessation and a healthy lifestyle are associated with lower risk of AAA. We estimated that about half of the patients with AAA disease are not eligible for screening under current guidelines. We have created a high-yield screening algorithm that expands the target population for screening by including at-risk individuals not identified with existing screening criteria.  (Source: Article: Analysis of risk factors for abdominal aortic aneurysm in a cohort of more than 3 million individuals.)
  - The Collateral Network Concept: A Reassessment of the Anatomy of Spinal Cord Perfusion

OBJECTIVE Prevention of paraplegia following repair of thoracoabdominal aortic aneurysms (TAAA) requires understanding the anatomy and physiology of the blood supply to the spinal cord. Recent laboratory studies and clinical observations suggest that a robust collateral network must exist to explain preservation of spinal cord perfusion when segmental vessels are interrupted. An anatomical study was undertaken. METHODS Twelve juvenile Yorkshire pigs underwent aortic cannulation and infusion of a low-viscosity acrylic resin at physiological pressures. After curing of the resin and digestion of all organic tissue, the anatomy of the blood supply to the spinal cord was studied grossly and using light and electron microscopy. RESULTS All vascular structures ≥ 8μm in diameter were preserved. Thoracic and lumbar segmental arteries (SAs) give rise not only to the anterior spinal artery (ASA), but to an extensive paraspinous network feeding the erector spinae, iliopsoas, and associated muscles. The ASA, mean diameter 134±20 μm, is connected at multiple points to repetitive circular epidural arteries with mean diameters of 150±26 μm. The capacity of the paraspinous muscular network is 25-fold the capacity of the circular epidural arterial network and ASA combined. Extensive arterial collateralization is apparent between the intraspinal and paraspinous networks, and within each network. Only 75% of all SAs provide direct ASA-supplying branches. CONCLUSIONS The ASA is only one component of an extensive paraspinous and intraspinal collateral vascular network. This network provides an anatomic explanation of the physiological resiliency of spinal cord perfusion when SAs are sacrificed during TAAA repair.  (Source: Article: The Collateral Network Concept: A Reassessment of the Anatomy of Spinal Cord Perfusion)
  - Aneurysm and Neurocysticercosis: Casual or Causal Relationship? Case Report and Review of the Literature

Four cases of suggestive inflammatory aneurysms in patients with neurocysticercosis have been described. We report a case of a 49-year-old woman who presented with subarachnoid haemorrhage from a right middle cerebral artery bifurcation aneurysm and had a casual relationship with neurocysticercosis. At surgery, a viable cysticercus without signs of inflammation or thickened leptomeninges was found in the distal position of the aneurysm. Postoperatively, the patient received albendazole and dextrochlorpheniramine. In the subsequent three years, the patient was asymptomatic and took drugs to prevent convulsion and arterial hypertension. The relationship between NCC and the presence of cerebral aneurysm is discussed.  (Source: Article: Aneurysm and Neurocysticercosis: Casual or Causal Relationship? Case Report and Review of the Literature)","['Analysis of risk factors for abdominal aortic aneurysm in a cohort of more than 3 million individuals.\n\nBACKGROUND: Abdominal aortic aneurysm (AAA) disease is an insidious condition with an 85% chance of death after rupture. Ultrasound screening can reduce mortality, but its use is advocated only for a limited subset of the population at risk. METHODS: We used data from a retrospective cohort of 3.1 million patients who completed a medical and lifestyle questionnaire and were evaluated by ultrasound imaging for the presence of AAA by Life Line Screening in 2003 to 2008. Risk factors associated with AAA were identified using multivariable logistic regression analysis. RESULTS: We observed a positive association with increasing years of smoking and cigarettes smoked and a negative association with smoking cessation. Excess weight was associated with increased risk, whereas exercise and consumption of nuts, vegetables, and fruits were associated with reduced risk. Blacks, Hispanics, and Asians had lower risk of AAA than whites and Native Americans. Well-known risk factors were reaffirmed, including male gender, age, family history, and cardiovascular disease. A predictive scoring system was created that identifies aneurysms more efficiently than current criteria and includes women, nonsmokers, and individuals aged <65 years. Using this model on national statistics of risk factors prevalence, we estimated 1.1 million AAAs in the United States, of which 569,000 are among women, nonsmokers, and individuals aged <65 years. CONCLUSIONS: Smoking cessation and a healthy lifestyle are associated with lower risk of AAA. We estimated that about half of the patients with AAA disease are not eligible for screening under current guidelines. We have created a high-yield screening algorithm that expands the target population for screening by including at-risk individuals not identified with existing screening criteria.', 'The Collateral Network Concept: A Reassessment of the Anatomy of Spinal Cord Perfusion\n\nOBJECTIVE Prevention of paraplegia following repair of thoracoabdominal aortic aneurysms (TAAA) requires understanding the anatomy and physiology of the blood supply to the spinal cord. Recent laboratory studies and clinical observations suggest that a robust collateral network must exist to explain preservation of spinal cord perfusion when segmental vessels are interrupted. An anatomical study was undertaken. METHODS Twelve juvenile Yorkshire pigs underwent aortic cannulation and infusion of a low-viscosity acrylic resin at physiological pressures. After curing of the resin and digestion of all organic tissue, the anatomy of the blood supply to the spinal cord was studied grossly and using light and electron microscopy. RESULTS All vascular structures ≥ 8μm in diameter were preserved. Thoracic and lumbar segmental arteries (SAs) give rise not only to the anterior spinal artery (ASA), but to an extensive paraspinous network feeding the erector spinae, iliopsoas, and associated muscles. The ASA, mean diameter 134±20 μm, is connected at multiple points to repetitive circular epidural arteries with mean diameters of 150±26 μm. The capacity of the paraspinous muscular network is 25-fold the capacity of the circular epidural arterial network and ASA combined. Extensive arterial collateralization is apparent between the intraspinal and paraspinous networks, and within each network. Only 75% of all SAs provide direct ASA-supplying branches. CONCLUSIONS The ASA is only one component of an extensive paraspinous and intraspinal collateral vascular network. This network provides an anatomic explanation of the physiological resiliency of spinal cord perfusion when SAs are sacrificed during TAAA repair.', 'Aneurysm and Neurocysticercosis: Casual or Causal Relationship? Case Report and Review of the Literature\n\nFour cases of suggestive inflammatory aneurysms in patients with neurocysticercosis have been described. We report a case of a 49-year-old woman who presented with subarachnoid haemorrhage from a right middle cerebral artery bifurcation aneurysm and had a casual relationship with neurocysticercosis. At surgery, a viable cysticercus without signs of inflammation or thickened leptomeninges was found in the distal position of the aneurysm. Postoperatively, the patient received albendazole and dextrochlorpheniramine. In the subsequent three years, the patient was asymptomatic and took drugs to prevent convulsion and arterial hypertension. The relationship between NCC and the presence of cerebral aneurysm is discussed.']",Analysis of risk factors for abdominal aortic aneurysm in a cohort of more than 3 million individuals.,HEALTH_ADVICE,Article: Analysis of risk factors for abdominal aortic aneurysm in a cohort of more than 3 million individuals.; Article: Aneurysm and Neurocysticercosis: Casual or Causal Relationship? Case Report and Review of the Literature; Article: The Collateral Network Concept: A Reassessment of the Anatomy of Spinal Cord Perfusion,,,,
How Should I Take Probiotics?,"Question: How Should I Take Probiotics?


Relevant medical references:
  - The impact of meals on a probiotic during transit through a model of the human upper gastrointestinal tract.

Commercial literature on various probiotic products suggests that they can be taken before meals, during meals or after meals or even without meals. This has led to serious confusion for the industry and the consumer. The objective of our study was to examine the impact of the time of administration with respect to mealtime and the impact of the buffering capacity of the food on the survival of probiotic microbes during gastrointestinal transit. We used an in vitro Digestive System (IViDiS) model of the upper gastrointestinal tract to examine the survival of a commercial multi-strain probiotic, ProtecFlor®. This product, in a capsule form, contains four different microbes: two lactobacilli (Lactobacillus helveticus R0052 and Lactobacillus rhamnosus R0011), Bifidobacterium longum R0175 and Saccharomyces cerevisiae boulardii. Enumeration during and after transit of the stomach and duodenal models showed that survival of all the bacteria in the product was best when given with a meal or 30 minutes before a meal (cooked oatmeal with milk). Probiotics given 30 minutes after the meal did not survive in high numbers. Survival in milk with 1% milk fat and oatmeal-milk gruel were significantly better than apple juice or spring water. S. boulardii was not affected by time of meal or the buffering capacity of the meal. The protein content of the meal was probably not as important for the survival of the bacteria as the fat content. We conclude that ideally, non-enteric coated bacterial probiotic products should be taken with or just prior to a meal containing some fats.  (Source: Article: The impact of meals on a probiotic during transit through a model of the human upper gastrointestinal tract.)
  - Human gut microbiota and its relationship to health and disease.

Probiotics are live microorganisms that confer a health benefit on the host when administered in appropriate amounts. Over 700 randomized, controlled, human studies have been conducted with probiotics thus far, with the results providing strong support for the use of probiotics in the clinical prevention or treatment of gastrointestinal tract disorders and metabolic syndrome. The present review is based on webinar presentations that were developed by the American Gastroenterological Association (AGA) in partnership with the International Scientific Association for Probiotics and Prebiotics (ISAPP) and the North American branch of the International Life Sciences Institute (ILSI North America). The presentations provided gastroenterologists and researchers with fundamental and current scientific information on the influence of gut microbiota on human health and disease, as well as clinical intervention strategies and practical guidelines for the use of probiotics and prebiotics. © 2011 International Life Sciences Institute.  (Source: Article: Human gut microbiota and its relationship to health and disease.)
  - Probiotics for the prevention of pediatric antibiotic-associated diarrhea.

BACKGROUND: Antibiotics alter the microbial balance within the gastrointestinal tract. Probiotics may prevent antibiotic-associated diarrhea (AAD) via restoration of the gut microflora. Antibiotics are prescribed frequently in children and AAD is common in this population. OBJECTIVES: To assess the efficacy and adverse effects of probiotics (any specified strain or dose) for the prevention of antibiotic-associated diarrhea in children. To assess adverse events associated with the use of probiotics when co-administered with antibiotics in children. SEARCH STRATEGY: MEDLINE, EMBASE, CENTRAL, CINAHL , AMED, and the Web of Science (inception to August 2006) were searched along with specialized registers including the Cochrane IBD/FBD Review Group, CISCOM, Chalmers PedCAM Research Register and trial registries from inception to 2005. Letters were sent to authors of included trials, nutra/pharmaceutical companies, and experts in the field requesting additional information on ongoing or unpublished trials. Conference proceedings, dissertation abstracts, and reference lists from included and relevant articles were hand searched. SELECTION CRITERIA: Randomized, parallel, controlled (placebo, active, or no treatment) trials comparing co-administered probiotics with antibiotics for the prevention of diarrhea secondary to antibiotic use in children (0 to 18 years). DATA COLLECTION AND ANALYSIS: Methodological quality assessment and data extraction were conducted independently by two authors (BCJ, AS). Dichotomous data (incidence of diarrhea, adverse events) were combined using pooled relative risks, and continuous data (mean duration of diarrhea, mean daily stool frequency) as weighted mean differences, along with their corresponding 95% confidence intervals. Adverse events were summarized using risk difference. For overall pooled results on the incidence of diarrhea, a priori sensitivity analyses included per protocol versus intention to treat, random versus fixed effects, and methodological quality criterion. Subgroup analysis were conducted on probiotic strain, dose, definition of antibiotic-associated diarrhea, and antibiotic agent. MAIN RESULTS: Ten studies met the inclusion criteria. Trials included treatment with either Lactobacilli spp., Bifidobacterium spp., Streptococcus spp., or Saccharomyces boulardii alone or in combination. Six studies used a single strain probiotic agent and four combined two probiotic strains. The per protocol analysis for 9/10 trials reporting on the incidence of diarrhea show statistically significant results favouring probiotics over active/non active controls (RR 0.49; 95% CI 0.32 to 0.74). However, intention to treat analysis showed non-significant results overall (RR 0.90; 95% CI 0.50 to 1.63). Five of ten trials monitored for adverse events (n = 647); none reported a serious adverse event. AUTHORS' CONCLUSIONS: Probiotics show promise for the prevention of pediatric AAD. While per protocol analysis yields treatment effect estimates that are both statistically and clinically significant, as does analysis of high quality studies, the estimate from the intention to treat analysis was not statistically significant. Future studies should involve probiotic strains and doses with the most promising evidence (e.g., Lactobacillus GG, Lactobacillus sporogenes, Saccharomyces boulardii at 5 to 40 billion colony forming units/day). Research done to date does not permit determination of the effect of age (e.g., infant versus older children) or antibiotic duration (e.g., 5 days versus 10 days). Future trials would benefit from a validated primary outcome measure for antibiotic-associated diarrhea that is sensitive to change and reflects what treatment effect clinicians, parents, and children consider important. The current data are promising, but it is premature to routinely recommend probiotics for the prevention of pediatric AAD.  (Source: Article: Probiotics for the prevention of pediatric antibiotic-associated diarrhea.)","['The impact of meals on a probiotic during transit through a model of the human upper gastrointestinal tract.\n\nCommercial literature on various probiotic products suggests that they can be taken before meals, during meals or after meals or even without meals. This has led to serious confusion for the industry and the consumer. The objective of our study was to examine the impact of the time of administration with respect to mealtime and the impact of the buffering capacity of the food on the survival of probiotic microbes during gastrointestinal transit. We used an in vitro Digestive System (IViDiS) model of the upper gastrointestinal tract to examine the survival of a commercial multi-strain probiotic, ProtecFlor®. This product, in a capsule form, contains four different microbes: two lactobacilli (Lactobacillus helveticus R0052 and Lactobacillus rhamnosus R0011), Bifidobacterium longum R0175 and Saccharomyces cerevisiae boulardii. Enumeration during and after transit of the stomach and duodenal models showed that survival of all the bacteria in the product was best when given with a meal or 30 minutes before a meal (cooked oatmeal with milk). Probiotics given 30 minutes after the meal did not survive in high numbers. Survival in milk with 1% milk fat and oatmeal-milk gruel were significantly better than apple juice or spring water. S. boulardii was not affected by time of meal or the buffering capacity of the meal. The protein content of the meal was probably not as important for the survival of the bacteria as the fat content. We conclude that ideally, non-enteric coated bacterial probiotic products should be taken with or just prior to a meal containing some fats.', 'Human gut microbiota and its relationship to health and disease.\n\nProbiotics are live microorganisms that confer a health benefit on the host when administered in appropriate amounts. Over 700 randomized, controlled, human studies have been conducted with probiotics thus far, with the results providing strong support for the use of probiotics in the clinical prevention or treatment of gastrointestinal tract disorders and metabolic syndrome. The present review is based on webinar presentations that were developed by the American Gastroenterological Association (AGA) in partnership with the International Scientific Association for Probiotics and Prebiotics (ISAPP) and the North American branch of the International Life Sciences Institute (ILSI North America). The presentations provided gastroenterologists and researchers with fundamental and current scientific information on the influence of gut microbiota on human health and disease, as well as clinical intervention strategies and practical guidelines for the use of probiotics and prebiotics. © 2011 International Life Sciences Institute.', ""Probiotics for the prevention of pediatric antibiotic-associated diarrhea.\n\nBACKGROUND: Antibiotics alter the microbial balance within the gastrointestinal tract. Probiotics may prevent antibiotic-associated diarrhea (AAD) via restoration of the gut microflora. Antibiotics are prescribed frequently in children and AAD is common in this population. OBJECTIVES: To assess the efficacy and adverse effects of probiotics (any specified strain or dose) for the prevention of antibiotic-associated diarrhea in children. To assess adverse events associated with the use of probiotics when co-administered with antibiotics in children. SEARCH STRATEGY: MEDLINE, EMBASE, CENTRAL, CINAHL , AMED, and the Web of Science (inception to August 2006) were searched along with specialized registers including the Cochrane IBD/FBD Review Group, CISCOM, Chalmers PedCAM Research Register and trial registries from inception to 2005. Letters were sent to authors of included trials, nutra/pharmaceutical companies, and experts in the field requesting additional information on ongoing or unpublished trials. Conference proceedings, dissertation abstracts, and reference lists from included and relevant articles were hand searched. SELECTION CRITERIA: Randomized, parallel, controlled (placebo, active, or no treatment) trials comparing co-administered probiotics with antibiotics for the prevention of diarrhea secondary to antibiotic use in children (0 to 18 years). DATA COLLECTION AND ANALYSIS: Methodological quality assessment and data extraction were conducted independently by two authors (BCJ, AS). Dichotomous data (incidence of diarrhea, adverse events) were combined using pooled relative risks, and continuous data (mean duration of diarrhea, mean daily stool frequency) as weighted mean differences, along with their corresponding 95% confidence intervals. Adverse events were summarized using risk difference. For overall pooled results on the incidence of diarrhea, a priori sensitivity analyses included per protocol versus intention to treat, random versus fixed effects, and methodological quality criterion. Subgroup analysis were conducted on probiotic strain, dose, definition of antibiotic-associated diarrhea, and antibiotic agent. MAIN RESULTS: Ten studies met the inclusion criteria. Trials included treatment with either Lactobacilli spp., Bifidobacterium spp., Streptococcus spp., or Saccharomyces boulardii alone or in combination. Six studies used a single strain probiotic agent and four combined two probiotic strains. The per protocol analysis for 9/10 trials reporting on the incidence of diarrhea show statistically significant results favouring probiotics over active/non active controls (RR 0.49; 95% CI 0.32 to 0.74). However, intention to treat analysis showed non-significant results overall (RR 0.90; 95% CI 0.50 to 1.63). Five of ten trials monitored for adverse events (n = 647); none reported a serious adverse event. AUTHORS' CONCLUSIONS: Probiotics show promise for the prevention of pediatric AAD. While per protocol analysis yields treatment effect estimates that are both statistically and clinically significant, as does analysis of high quality studies, the estimate from the intention to treat analysis was not statistically significant. Future studies should involve probiotic strains and doses with the most promising evidence (e.g., Lactobacillus GG, Lactobacillus sporogenes, Saccharomyces boulardii at 5 to 40 billion colony forming units/day). Research done to date does not permit determination of the effect of age (e.g., infant versus older children) or antibiotic duration (e.g., 5 days versus 10 days). Future trials would benefit from a validated primary outcome measure for antibiotic-associated diarrhea that is sensitive to change and reflects what treatment effect clinicians, parents, and children consider important. The current data are promising, but it is premature to routinely recommend probiotics for the prevention of pediatric AAD.""]",The impact of meals on a probiotic during transit through a model of the human upper gastrointestinal tract.,HEALTH_ADVICE,Article: Human gut microbiota and its relationship to health and disease.; Article: Probiotics for the prevention of pediatric antibiotic-associated diarrhea.; Article: The impact of meals on a probiotic during transit through a model of the human upper gastrointestinal tract.,,,,
Are Artificial Colors Bad for You?,"Question: Are Artificial Colors Bad for You?


Relevant medical references:
  - Dietary sensitivities and ADHD symptoms: thirty-five years of research.

Artificial food colors (AFCs) have not been established as the main cause of attention-deficit hyperactivity disorder (ADHD), but accumulated evidence suggests that a subgroup shows significant symptom improvement when consuming an AFC-free diet and reacts with ADHD-type symptoms on challenge with AFCs. Of children with suspected sensitivities, 65% to 89% reacted when challenged with at least 100 mg of AFC. Oligoantigenic diet studies suggested that some children in addition to being sensitive to AFCs are also sensitive to common nonsalicylate foods (milk, chocolate, soy, eggs, wheat, corn, legumes) as well as salicylate-containing grapes, tomatoes, and orange. Some studies found ""cosensitivity"" to be more the rule than the exception. Recently, 2 large studies demonstrated behavioral sensitivity to AFCs and benzoate in children both with and without ADHD. A trial elimination diet is appropriate for children who have not responded satisfactorily to conventional treatment or whose parents wish to pursue a dietary investigation.  (Source: Article: Dietary sensitivities and ADHD symptoms: thirty-five years of research.)
  - Synthetic Food Colors and Neurobehavioral Hazards: The View from Environmental Health Research

Background: The proposition that synthetic food colors can induce adverse behavioral effects in children was first enunciated in 1975 by Feingold [Why Your Child Is Hyperactive. New York:Random House (1975)], who asserted that elevated sensitivity to food additives underlies the signs of hyperactivity observed in some children. Although the evidence suggested that some unknown proportion of children did respond to synthetic food colors, the U.S. Food and Drug Administration (FDA) interpreted the evidence as inconclusive. A study published in 2007 [McCann et al. Food additives and hyperactive behaviour in 3-year-old and 8/9-year-old children in the community: a randomised, double-blinded, placebo-controlled trial. Lancet 370:1560–1567 (2007)] drew renewed attention to the hypothesis because of the study’s size and scope. It led the FDA to review the evidence, hold a public hearing, and seek the advice of its Food Advisory Committee. In preparation for the hearing, the FDA reviewed the available evidence and concluded that it did not warrant further agency action. Objectives: In this commentary I examine the basis of the FDA’s position, the elements of the review that led to its decision and that of the Food Advisory Committee, and the reasons that this is an environmental health issue. Discussion: The FDA review confined itself, in essence, to the clinical diagnosis of hyperactivity, as did the charge to the committee, rather than asking the broader environmental question of behavioral effects in the general population; it failed to recognize the significance of vulnerable subpopulations; and it misinterpreted the meaning of effect size as a criterion of risk. The FDA’s response would have benefited from adopting the viewpoints and perspectives common to environmental health research. At the same time, the food color debate offers a lesson to environmental health researchers; namely, too narrow a focus on a single outcome or criterion can be misleading.  (Source: Article: Synthetic Food Colors and Neurobehavioral Hazards: The View from Environmental Health Research)
  - The potential toxicity of artificial sweeteners.

Since their discovery, the safety of artificial sweeteners has been controversial. Artificial sweeteners provide the sweetness of sugar without the calories. As public health attention has turned to reversing the obesity epidemic in the United States, more individuals of all ages are choosing to use these products. These choices may be beneficial for those who cannot tolerate sugar in their diets (e.g., diabetics). However, scientists disagree about the relationships between sweeteners and lymphomas, leukemias, cancers of the bladder and brain, chronic fatigue syndrome, Parkinson's disease, Alzheimer's disease, multiple sclerosis, autism, and systemic lupus. Recently these substances have received increased attention due to their effects on glucose regulation. Occupational health nurses need accurate and timely information to counsel individuals regarding the use of these substances. This article provides an overview of types of artificial sweeteners, sweetener history, chemical structure, biological fate, physiological effects, published animal and human studies, and current standards and regulations.  (Source: Article: The potential toxicity of artificial sweeteners.)","['Dietary sensitivities and ADHD symptoms: thirty-five years of research.\n\nArtificial food colors (AFCs) have not been established as the main cause of attention-deficit hyperactivity disorder (ADHD), but accumulated evidence suggests that a subgroup shows significant symptom improvement when consuming an AFC-free diet and reacts with ADHD-type symptoms on challenge with AFCs. Of children with suspected sensitivities, 65% to 89% reacted when challenged with at least 100 mg of AFC. Oligoantigenic diet studies suggested that some children in addition to being sensitive to AFCs are also sensitive to common nonsalicylate foods (milk, chocolate, soy, eggs, wheat, corn, legumes) as well as salicylate-containing grapes, tomatoes, and orange. Some studies found ""cosensitivity"" to be more the rule than the exception. Recently, 2 large studies demonstrated behavioral sensitivity to AFCs and benzoate in children both with and without ADHD. A trial elimination diet is appropriate for children who have not responded satisfactorily to conventional treatment or whose parents wish to pursue a dietary investigation.', 'Synthetic Food Colors and Neurobehavioral Hazards: The View from Environmental Health Research\n\nBackground: The proposition that synthetic food colors can induce adverse behavioral effects in children was first enunciated in 1975 by Feingold [Why Your Child Is Hyperactive. New York:Random House (1975)], who asserted that elevated sensitivity to food additives underlies the signs of hyperactivity observed in some children. Although the evidence suggested that some unknown proportion of children did respond to synthetic food colors, the U.S. Food and Drug Administration (FDA) interpreted the evidence as inconclusive. A study published in 2007 [McCann et al. Food additives and hyperactive behaviour in 3-year-old and 8/9-year-old children in the community: a randomised, double-blinded, placebo-controlled trial. Lancet 370:1560–1567 (2007)] drew renewed attention to the hypothesis because of the study’s size and scope. It led the FDA to review the evidence, hold a public hearing, and seek the advice of its Food Advisory Committee. In preparation for the hearing, the FDA reviewed the available evidence and concluded that it did not warrant further agency action. Objectives: In this commentary I examine the basis of the FDA’s position, the elements of the review that led to its decision and that of the Food Advisory Committee, and the reasons that this is an environmental health issue. Discussion: The FDA review confined itself, in essence, to the clinical diagnosis of hyperactivity, as did the charge to the committee, rather than asking the broader environmental question of behavioral effects in the general population; it failed to recognize the significance of vulnerable subpopulations; and it misinterpreted the meaning of effect size as a criterion of risk. The FDA’s response would have benefited from adopting the viewpoints and perspectives common to environmental health research. At the same time, the food color debate offers a lesson to environmental health researchers; namely, too narrow a focus on a single outcome or criterion can be misleading.', ""The potential toxicity of artificial sweeteners.\n\nSince their discovery, the safety of artificial sweeteners has been controversial. Artificial sweeteners provide the sweetness of sugar without the calories. As public health attention has turned to reversing the obesity epidemic in the United States, more individuals of all ages are choosing to use these products. These choices may be beneficial for those who cannot tolerate sugar in their diets (e.g., diabetics). However, scientists disagree about the relationships between sweeteners and lymphomas, leukemias, cancers of the bladder and brain, chronic fatigue syndrome, Parkinson's disease, Alzheimer's disease, multiple sclerosis, autism, and systemic lupus. Recently these substances have received increased attention due to their effects on glucose regulation. Occupational health nurses need accurate and timely information to counsel individuals regarding the use of these substances. This article provides an overview of types of artificial sweeteners, sweetener history, chemical structure, biological fate, physiological effects, published animal and human studies, and current standards and regulations.""]","Food additives and hyperactive behaviour in 3-year-old and 8/9-year-old children in the community: a randomised, double-blinded, placebo-controlled...",HEALTH_ADVICE,Article: Dietary sensitivities and ADHD symptoms: thirty-five years of research.; Article: Synthetic Food Colors and Neurobehavioral Hazards: The View from Environmental Health Research; Article: The potential toxicity of artificial sweeteners.,,,,
Is apple cider vinegar good for you?,"Question: Is apple cider vinegar good for you?


Relevant medical references:
  - Esophageal injury by apple cider vinegar tablets and subsequent evaluation of products.

Apple cider vinegar products are advertised in the popular press and over the Internet for treatment of a variety of conditions. After an adverse event was reported to the authors, eight apple cider vinegar tablet products were tested for pH, component acid content, and microbial growth. Considerable variability was found between the brands in tablet size, pH, component acid content, and label claims. Doubt remains as to whether apple cider vinegar was in fact an ingredient in the evaluated products. The inconsistency and inaccuracy in labeling, recommended dosages, and unsubstantiated health claims make it easy to question the quality of the products.  (Source: Article: Esophageal injury by apple cider vinegar tablets and subsequent evaluation of products.)
  - Topical vitamin A treatment of recalcitrant common warts.

BACKGROUND: Common warts (verruca vulgaris) are benign epithelial proliferations associated with human papillomavirus (HPV) infection. Salicylic acid and cryotherapy are the most frequent treatments for common warts, but can be painful and cause scarring, and have high failure and recrudescence rates. Topical vitamin A has been shown to be a successful treatment of common warts in prior informal studies. CASE: The subject is a healthy, physically-active 30 old female with a 9 year history of common warts on the back of the right hand. The warts resisted treatment with salicylic acid, apple cider vinegar and an over-the-counter blend of essential oils marketed for the treatment of warts. Daily topical application of natural vitamin A derived from fish liver oil (25,000 IU) led to replacement of all the warts with normal skin. Most of the smaller warts had been replaced by 70 days. A large wart on the middle knuckle required 6 months of vitamin A treatment to resolve completely. CONCLUSION: Retinoids should be further investigated in controlled studies to determine their effectiveness in treating common warts and the broad range of other benign and cancerous lesions induced by HPVs.  (Source: Article: Topical vitamin A treatment of recalcitrant common warts.)
  - Apple juice improved behavioral but not cognitive symptoms in moderate-to-late stage Alzheimer's disease in an open-label pilot study.

Preclinical studies demonstrate that apple juice exerts multiple beneficial effects including reduction of central nervous system oxidative damage, suppression of Alzheimer's disease (AD) hallmarks, improved cognitive performance, and organized synaptic signaling. Herein, we initiated an open-label clinical trial in which 21 institutionalized individuals with moderate-to-severe AD consumed 2 4-oz glasses of apple juice daily for 1 month. Participants demonstrated no change in the Dementia Rating Scale, and institutional caregivers reported no change in Alzheimer's Disease Cooperative Study (ADCS)-Activities of Daily Living (ADL) in this brief study. However, caregivers reported an approximate 27% (P < .01) improvement in behavioral and psychotic symptoms associated with dementia as quantified by the Neuropsychiatric Inventory, with the largest changes in anxiety, agitation, and delusion. This pilot study suggests that apple juice may be a useful supplement, perhaps to augment pharmacological approaches, for attenuating the decline in mood that accompanies progression of AD, which may also reduce caregiver burden.  (Source: Article: Apple juice improved behavioral but not cognitive symptoms in moderate-to-late stage Alzheimer's disease in an open-label pilot study.)","['Esophageal injury by apple cider vinegar tablets and subsequent evaluation of products.\n\nApple cider vinegar products are advertised in the popular press and over the Internet for treatment of a variety of conditions. After an adverse event was reported to the authors, eight apple cider vinegar tablet products were tested for pH, component acid content, and microbial growth. Considerable variability was found between the brands in tablet size, pH, component acid content, and label claims. Doubt remains as to whether apple cider vinegar was in fact an ingredient in the evaluated products. The inconsistency and inaccuracy in labeling, recommended dosages, and unsubstantiated health claims make it easy to question the quality of the products.', 'Topical vitamin A treatment of recalcitrant common warts.\n\nBACKGROUND: Common warts (verruca vulgaris) are benign epithelial proliferations associated with human papillomavirus (HPV) infection. Salicylic acid and cryotherapy are the most frequent treatments for common warts, but can be painful and cause scarring, and have high failure and recrudescence rates. Topical vitamin A has been shown to be a successful treatment of common warts in prior informal studies. CASE: The subject is a healthy, physically-active 30 old female with a 9 year history of common warts on the back of the right hand. The warts resisted treatment with salicylic acid, apple cider vinegar and an over-the-counter blend of essential oils marketed for the treatment of warts. Daily topical application of natural vitamin A derived from fish liver oil (25,000 IU) led to replacement of all the warts with normal skin. Most of the smaller warts had been replaced by 70 days. A large wart on the middle knuckle required 6 months of vitamin A treatment to resolve completely. CONCLUSION: Retinoids should be further investigated in controlled studies to determine their effectiveness in treating common warts and the broad range of other benign and cancerous lesions induced by HPVs.', ""Apple juice improved behavioral but not cognitive symptoms in moderate-to-late stage Alzheimer's disease in an open-label pilot study.\n\nPreclinical studies demonstrate that apple juice exerts multiple beneficial effects including reduction of central nervous system oxidative damage, suppression of Alzheimer's disease (AD) hallmarks, improved cognitive performance, and organized synaptic signaling. Herein, we initiated an open-label clinical trial in which 21 institutionalized individuals with moderate-to-severe AD consumed 2 4-oz glasses of apple juice daily for 1 month. Participants demonstrated no change in the Dementia Rating Scale, and institutional caregivers reported no change in Alzheimer's Disease Cooperative Study (ADCS)-Activities of Daily Living (ADL) in this brief study. However, caregivers reported an approximate 27% (P < .01) improvement in behavioral and psychotic symptoms associated with dementia as quantified by the Neuropsychiatric Inventory, with the largest changes in anxiety, agitation, and delusion. This pilot study suggests that apple juice may be a useful supplement, perhaps to augment pharmacological approaches, for attenuating the decline in mood that accompanies progression of AD, which may also reduce caregiver burden.""]",Topical vitamin A treatment of recalcitrant common warts.,HEALTH_ADVICE,Article: Apple juice improved behavioral but not cognitive symptoms in moderate-to-late stage Alzheimer's disease in an open-label pilot study.; Article: Esophageal injury by apple cider vinegar tablets and subsequent evaluation of products.; Article: Topical vitamin A treatment of recalcitrant common warts.,,,,
Is Distilled Fish Oil Toxin-Free?,"Question: Is Distilled Fish Oil Toxin-Free?


Relevant medical references:
  - Incorporation of EPA and DHA into plasma phospholipids in response to different omega-3 fatty acid formulations - a comparative bioavailability study of fish oil vs. krill oil

Background Bioavailability of omega-3 fatty acids (FA) depends on their chemical form. Superior bioavailability has been suggested for phospholipid (PL) bound omega-3 FA in krill oil, but identical doses of different chemical forms have not been compared. Methods In a double-blinded crossover trial, we compared the uptake of three EPA+DHA formulations derived from fish oil (re-esterified triacylglycerides [rTAG], ethyl-esters [EE]) and krill oil (mainly PL). Changes of the FA compositions in plasma PL were used as a proxy for bioavailability. Twelve healthy young men (mean age 31 y) were randomized to 1680 mg EPA+DHA given either as rTAG, EE or krill oil. FA levels in plasma PL were analyzed pre-dose and 2, 4, 6, 8, 24, 48, and 72 h after capsule ingestion. Additionally, the proportion of free EPA and DHA in the applied supplements was analyzed. Results The highest incorporation of EPA+DHA into plasma PL was provoked by krill oil (mean AUC0-72 h: 80.03 ± 34.71%*h), followed by fish oil rTAG (mean AUC0-72 h: 59.78 ± 36.75%*h) and EE (mean AUC0-72 h: 47.53 ± 38.42%*h). Due to high standard deviation values, there were no significant differences for DHA and the sum of EPA+DHA levels between the three treatments. However, a trend (p = 0.057) was observed for the differences in EPA bioavailability. Statistical pair-wise group comparison's revealed a trend (p = 0.086) between rTAG and krill oil. FA analysis of the supplements showed that the krill oil sample contained 22% of the total EPA amount as free EPA and 21% of the total DHA amount as free DHA, while the two fish oil samples did not contain any free FA. Conclusion Further studies with a larger sample size carried out over a longer period are needed to substantiate our findings and to determine differences in EPA+DHA bioavailability between three common chemical forms of LC n-3 FA (rTAG, EE and krill oil). The unexpected high content of free EPA and DHA in krill oil, which might have a significant influence on the availability of EPA+DHA from krill oil, should be investigated in more depth and taken into consideration in future trials.  (Source: Article: Incorporation of EPA and DHA into plasma phospholipids in response to different omega-3 fatty acid formulations - a comparative bioavailability study of fish oil vs. krill oil)
  - Children's daily exposure to polychlorinated biphenyls from dietary supplements containing fish oils.

In children, omega-3 polyunsaturated fatty acids (PUFAs) may elicit a suite of health benefits including enhancement of cognitive development. Subsequently, dietary supplements containing omega-3 PUFAs have become increasingly popular. Often, the largest source of beneficial PUFAs in these supplements is fish oil, which may contain significant levels of contaminants such as polychlorinated biphenyls (PCBs). The objectives of this study were to evaluate congener-specific PCB concentrations in 13 over-the-counter children's dietary supplements containing fish oils/powders and assess potential PCB exposures through ingestion of these products on a daily basis. Every supplement analysed contained PCBs, with a mean concentration of 9 ± 8 ng PCBs/g supplement. When following serving size suggestions, mean daily exposure values ranged from 2.5 to 50.3 ng PCBs/day. Daily exposures for children's supplements were significantly lower than those previously reported for adult supplements and may be explained, in part, by the variability in the amount of fish oil (and PUFA content) in a serving size. Based on this study, factors such as fish oil purification methods (e.g., molecular distillation) and the trophic level of the fish species used to make the fish oil cannot be used as indicators of PCB levels within children's supplements. Fish supplements may decrease or increase daily PCB exposure compared with ingestion of fresh fish. However, eating fish high in omega-3 PUFAs and low in PCBs may reduce PCB exposure compared with daily supplementation with fish oils for some products studied.  (Source: Article: Children's daily exposure to polychlorinated biphenyls from dietary supplements containing fish oils.)
  - Simultaneous quantitation of multiple classes of organohalogen compounds in fish oils with direct sample introduction comprehensive two-dimensional...

We successfully optimized an analytical method using gel permeation chromatography followed by direct sample introduction comprehensive two-dimensional gas chromatography with time-of-flight mass spectrometry to quantify multiple groups of targeted persistent organic pollutants and halogenated natural products (HNPs) simultaneously in fish oil samples. This new method has a wider analytical scope than the traditional approach to use multiple methods to cover each class of compounds. Our analysis revealed that the relatively more volatile and lighter organic compounds, such as polychlorinated biphenyls (PCBs), organochlorine pesticides, and other smaller organohalogen compounds, were still present in two brands of ""PCB-free"" cod liver oils, albeit at much lower levels than in an untreated commercial sample. Moreover, the less volatile organic compounds, such as polybrominated diphenyl ethers and brominated HNPs, were detected at similar levels in all three cod liver oils. This suggests that the commercial molecular distillation treatment used for removal of organic/inorganic toxic contaminants is only effective for the lighter organic contaminants.  (Source: Article: Simultaneous quantitation of multiple classes of organohalogen compounds in fish oils with direct sample introduction comprehensive two-dimensional...)","[""Incorporation of EPA and DHA into plasma phospholipids in response to different omega-3 fatty acid formulations - a comparative bioavailability study of fish oil vs. krill oil\n\nBackground Bioavailability of omega-3 fatty acids (FA) depends on their chemical form. Superior bioavailability has been suggested for phospholipid (PL) bound omega-3 FA in krill oil, but identical doses of different chemical forms have not been compared. Methods In a double-blinded crossover trial, we compared the uptake of three EPA+DHA formulations derived from fish oil (re-esterified triacylglycerides [rTAG], ethyl-esters [EE]) and krill oil (mainly PL). Changes of the FA compositions in plasma PL were used as a proxy for bioavailability. Twelve healthy young men (mean age 31 y) were randomized to 1680 mg EPA+DHA given either as rTAG, EE or krill oil. FA levels in plasma PL were analyzed pre-dose and 2, 4, 6, 8, 24, 48, and 72 h after capsule ingestion. Additionally, the proportion of free EPA and DHA in the applied supplements was analyzed. Results The highest incorporation of EPA+DHA into plasma PL was provoked by krill oil (mean AUC0-72 h: 80.03 ± 34.71%*h), followed by fish oil rTAG (mean AUC0-72 h: 59.78 ± 36.75%*h) and EE (mean AUC0-72 h: 47.53 ± 38.42%*h). Due to high standard deviation values, there were no significant differences for DHA and the sum of EPA+DHA levels between the three treatments. However, a trend (p = 0.057) was observed for the differences in EPA bioavailability. Statistical pair-wise group comparison's revealed a trend (p = 0.086) between rTAG and krill oil. FA analysis of the supplements showed that the krill oil sample contained 22% of the total EPA amount as free EPA and 21% of the total DHA amount as free DHA, while the two fish oil samples did not contain any free FA. Conclusion Further studies with a larger sample size carried out over a longer period are needed to substantiate our findings and to determine differences in EPA+DHA bioavailability between three common chemical forms of LC n-3 FA (rTAG, EE and krill oil). The unexpected high content of free EPA and DHA in krill oil, which might have a significant influence on the availability of EPA+DHA from krill oil, should be investigated in more depth and taken into consideration in future trials."", ""Children's daily exposure to polychlorinated biphenyls from dietary supplements containing fish oils.\n\nIn children, omega-3 polyunsaturated fatty acids (PUFAs) may elicit a suite of health benefits including enhancement of cognitive development. Subsequently, dietary supplements containing omega-3 PUFAs have become increasingly popular. Often, the largest source of beneficial PUFAs in these supplements is fish oil, which may contain significant levels of contaminants such as polychlorinated biphenyls (PCBs). The objectives of this study were to evaluate congener-specific PCB concentrations in 13 over-the-counter children's dietary supplements containing fish oils/powders and assess potential PCB exposures through ingestion of these products on a daily basis. Every supplement analysed contained PCBs, with a mean concentration of 9 ± 8 ng PCBs/g supplement. When following serving size suggestions, mean daily exposure values ranged from 2.5 to 50.3 ng PCBs/day. Daily exposures for children's supplements were significantly lower than those previously reported for adult supplements and may be explained, in part, by the variability in the amount of fish oil (and PUFA content) in a serving size. Based on this study, factors such as fish oil purification methods (e.g., molecular distillation) and the trophic level of the fish species used to make the fish oil cannot be used as indicators of PCB levels within children's supplements. Fish supplements may decrease or increase daily PCB exposure compared with ingestion of fresh fish. However, eating fish high in omega-3 PUFAs and low in PCBs may reduce PCB exposure compared with daily supplementation with fish oils for some products studied."", 'Simultaneous quantitation of multiple classes of organohalogen compounds in fish oils with direct sample introduction comprehensive two-dimensional...\n\nWe successfully optimized an analytical method using gel permeation chromatography followed by direct sample introduction comprehensive two-dimensional gas chromatography with time-of-flight mass spectrometry to quantify multiple groups of targeted persistent organic pollutants and halogenated natural products (HNPs) simultaneously in fish oil samples. This new method has a wider analytical scope than the traditional approach to use multiple methods to cover each class of compounds. Our analysis revealed that the relatively more volatile and lighter organic compounds, such as polychlorinated biphenyls (PCBs), organochlorine pesticides, and other smaller organohalogen compounds, were still present in two brands of ""PCB-free"" cod liver oils, albeit at much lower levels than in an untreated commercial sample. Moreover, the less volatile organic compounds, such as polybrominated diphenyl ethers and brominated HNPs, were detected at similar levels in all three cod liver oils. This suggests that the commercial molecular distillation treatment used for removal of organic/inorganic toxic contaminants is only effective for the lighter organic contaminants.']",Do Organohalogen Contaminants Contribute to Histopathology in Liver from East Greenland Polar Bears (Ursus maritimus)?,HEALTH_ADVICE,Article: Children's daily exposure to polychlorinated biphenyls from dietary supplements containing fish oils.; Article: Incorporation of EPA and DHA into plasma phospholipids in response to different omega-3 fatty acid formulations - a comparative bioavailability study of fish oil vs. krill oil; Article: Simultaneous quantitation of multiple classes of organohalogen compounds in fish oils with direct sample introduction comprehensive two-dimensional...,,,,
How to Reduce Exposure to Alkylphenols Through Your Diet,"Question: How to Reduce Exposure to Alkylphenols Through Your Diet


Relevant medical references:
  - Organophosphorus pesticide exposure of urban and suburban preschool children with organic and conventional diets.

We assessed organophosphorus (OP) pesticide exposure from diet by biological monitoring among Seattle, Washington, preschool children. Parents kept food diaries for 3 days before urine collection, and they distinguished organic and conventional foods based on label information. Children were then classified as having consumed either organic or conventional diets based on analysis of the diary data. Residential pesticide use was also recorded for each home. We collected 24-hr urine samples from 18 children with organic diets and 21 children with conventional diets and analyzed them for five OP pesticide metabolites. We found significantly higher median concentrations of total dimethyl alkylphosphate metabolites than total diethyl alkylphosphate metabolites (0.06 and 0.02 micro mol/L, respectively; p = 0.0001). The median total dimethyl metabolite concentration was approximately six times higher for children with conventional diets than for children with organic diets (0.17 and 0.03 micro mol/L; p = 0.0003); mean concentrations differed by a factor of nine (0.34 and 0.04 micro mol/L). We calculated dose estimates from urinary dimethyl metabolites and from agricultural pesticide use data, assuming that all exposure came from a single pesticide. The dose estimates suggest that consumption of organic fruits, vegetables, and juice can reduce children's exposure levels from above to below the U.S. Environmental Protection Agency's current guidelines, thereby shifting exposures from a range of uncertain risk to a range of negligible risk. Consumption of organic produce appears to provide a relatively simple way for parents to reduce their children's exposure to OP pesticides.  (Source: Article: Organophosphorus pesticide exposure of urban and suburban preschool children with organic and conventional diets.)
  - Alkylphenols and alkylphenol ethoxylates contamination of crustaceans and fishes from the Adriatic Sea (Italy).

This paper presents the results of an investigation on the occurrence of alkylphenols (APs) and their ethoxylates (APEs) in 8 edible marine species from the Adriatic Sea and tries to estimate the corresponding intake for the Italian population. Two crustaceans, Nephrops norvegicus (Norway lobster) and Squilla mantis (spottail mantis shrimp), plus six fish species, Engraulis enchrascicolus (anchovy), Scomber scombrus (Atlantic mackerel), Merluccius merluccius (European hake), Mullus barbatus (red mullet), Solea vulgaris (common sole) and Lophius piscatorius (angler) were analyzed for their content of nonylphenol (NP), octylphenol (OP) and octylphenol polyethoxylates (OPEs). These compounds were found in all analysed samples. NP was detected at the highest concentrations: 118-399 and 9.5-1431 ng g(-1) fresh weight (fw) respectively in crustaceans and fish. OP was found at respective levels of 2.7-4.7 and 0.3-3.8 ng g(-1) fw in crustaceans and fish, whereas OPE was determined at respective concentrations of 1.2-16.8 and 0.2-21.1 ng g(-1) fw in the same species. These results, together with those from a previous study on 4 edible mollusc, allow to estimate respective daily intakes for NP, OP, and OPE of about 12, 0.1, and 0.1 microg day(-1) for an Italian adult living along the Adriatic Coast. In relation to NP and OP, these intakes are much lower than the doses associated with toxic effects in laboratory animals (9 mg kg(-1) bw for rats). Nevertheless, data of exposure from other sources to these chemicals and others with similar biological characteristics are needed.  (Source: Article: Alkylphenols and alkylphenol ethoxylates contamination of crustaceans and fishes from the Adriatic Sea (Italy).)
  - Alkylphenols in human milk and their relations to dietary habits in central Taiwan.

The aims of this study were to determine the concentrations of 4-nonylphenol (NP) and 4-octylphenol (OP) in 59 human milk samples and to examine related factors including mothers' demographics and dietary habits. Women who consumed over the median amount of cooking oil had significantly higher OP concentrations (0.98 ng/g) than those who consumed less (0.39 ng/g) (P < 0.05). OP concentration was significantly associated with the consumption of cooking oil (beta = 0.62, P < 0.01) and fish oil capsules (beta = 0.39, P < 0.01) after adjustment for age and body mass index (BMI). NP concentration was also significantly associated with the consumption of fish oil capsules (beta = 0.38, P < 0.01) and processed fish products (beta = 0.59, P < 0.01). The food pattern of cooking oil and processed meat products from factor analysis was strongly associated with OP concentration in human milk (P < 0.05). These determinations should aid in suggesting foods for consumption by nursing mothers in order to protect their infants from NP/OP exposure. 2010 Elsevier Ltd. All rights reserved.  (Source: Article: Alkylphenols in human milk and their relations to dietary habits in central Taiwan.)","[""Organophosphorus pesticide exposure of urban and suburban preschool children with organic and conventional diets.\n\nWe assessed organophosphorus (OP) pesticide exposure from diet by biological monitoring among Seattle, Washington, preschool children. Parents kept food diaries for 3 days before urine collection, and they distinguished organic and conventional foods based on label information. Children were then classified as having consumed either organic or conventional diets based on analysis of the diary data. Residential pesticide use was also recorded for each home. We collected 24-hr urine samples from 18 children with organic diets and 21 children with conventional diets and analyzed them for five OP pesticide metabolites. We found significantly higher median concentrations of total dimethyl alkylphosphate metabolites than total diethyl alkylphosphate metabolites (0.06 and 0.02 micro mol/L, respectively; p = 0.0001). The median total dimethyl metabolite concentration was approximately six times higher for children with conventional diets than for children with organic diets (0.17 and 0.03 micro mol/L; p = 0.0003); mean concentrations differed by a factor of nine (0.34 and 0.04 micro mol/L). We calculated dose estimates from urinary dimethyl metabolites and from agricultural pesticide use data, assuming that all exposure came from a single pesticide. The dose estimates suggest that consumption of organic fruits, vegetables, and juice can reduce children's exposure levels from above to below the U.S. Environmental Protection Agency's current guidelines, thereby shifting exposures from a range of uncertain risk to a range of negligible risk. Consumption of organic produce appears to provide a relatively simple way for parents to reduce their children's exposure to OP pesticides."", 'Alkylphenols and alkylphenol ethoxylates contamination of crustaceans and fishes from the Adriatic Sea (Italy).\n\nThis paper presents the results of an investigation on the occurrence of alkylphenols (APs) and their ethoxylates (APEs) in 8 edible marine species from the Adriatic Sea and tries to estimate the corresponding intake for the Italian population. Two crustaceans, Nephrops norvegicus (Norway lobster) and Squilla mantis (spottail mantis shrimp), plus six fish species, Engraulis enchrascicolus (anchovy), Scomber scombrus (Atlantic mackerel), Merluccius merluccius (European hake), Mullus barbatus (red mullet), Solea vulgaris (common sole) and Lophius piscatorius (angler) were analyzed for their content of nonylphenol (NP), octylphenol (OP) and octylphenol polyethoxylates (OPEs). These compounds were found in all analysed samples. NP was detected at the highest concentrations: 118-399 and 9.5-1431 ng g(-1) fresh weight (fw) respectively in crustaceans and fish. OP was found at respective levels of 2.7-4.7 and 0.3-3.8 ng g(-1) fw in crustaceans and fish, whereas OPE was determined at respective concentrations of 1.2-16.8 and 0.2-21.1 ng g(-1) fw in the same species. These results, together with those from a previous study on 4 edible mollusc, allow to estimate respective daily intakes for NP, OP, and OPE of about 12, 0.1, and 0.1 microg day(-1) for an Italian adult living along the Adriatic Coast. In relation to NP and OP, these intakes are much lower than the doses associated with toxic effects in laboratory animals (9 mg kg(-1) bw for rats). Nevertheless, data of exposure from other sources to these chemicals and others with similar biological characteristics are needed.', ""Alkylphenols in human milk and their relations to dietary habits in central Taiwan.\n\nThe aims of this study were to determine the concentrations of 4-nonylphenol (NP) and 4-octylphenol (OP) in 59 human milk samples and to examine related factors including mothers' demographics and dietary habits. Women who consumed over the median amount of cooking oil had significantly higher OP concentrations (0.98 ng/g) than those who consumed less (0.39 ng/g) (P < 0.05). OP concentration was significantly associated with the consumption of cooking oil (beta = 0.62, P < 0.01) and fish oil capsules (beta = 0.39, P < 0.01) after adjustment for age and body mass index (BMI). NP concentration was also significantly associated with the consumption of fish oil capsules (beta = 0.38, P < 0.01) and processed fish products (beta = 0.59, P < 0.01). The food pattern of cooking oil and processed meat products from factor analysis was strongly associated with OP concentration in human milk (P < 0.05). These determinations should aid in suggesting foods for consumption by nursing mothers in order to protect their infants from NP/OP exposure. 2010 Elsevier Ltd. All rights reserved.""]","p-Nonyl-phenol: an estrogenic xenobiotic released from ""modified"" polystyrene.",HEALTH_ADVICE,Article: Alkylphenols and alkylphenol ethoxylates contamination of crustaceans and fishes from the Adriatic Sea (Italy).; Article: Alkylphenols in human milk and their relations to dietary habits in central Taiwan.; Article: Organophosphorus pesticide exposure of urban and suburban preschool children with organic and conventional diets.,,,,
Do Fruit & Nut Bars Cause Weight Gain?,"Question: Do Fruit & Nut Bars Cause Weight Gain?


Relevant medical references:
  - The effect of the addition of daily fruit and nut bars to diet on weight, and cardiac risk profile, in overweight adults.

BACKGROUND: The frequency of unhealthful snacking has increased dramatically over the last three decades. Fruits and nuts have been shown to have positive health effects. No study has investigated the aggregate effects of various fruits combined with nuts in the form of snack bars on cardiovascular risk factors. The aim of this randomised trial was to investigate the effects of a fruit and nut snack bar on anthropomorphic measures, lipid panel and blood pressure in overweight adults. METHODS: Ninety-four overweight adults (body mass index > 25 kg m(-2)) were randomly assigned to add two fruit and nut bars totalling 1421.9 kJ (340 kcal) to their ad libitum diet (intervention group) or to continue with their ad libitum diet (control group). Subjects underwent assessment for weight (primary outcome measure), as well as waist circumference, lipid panel and blood pressure (secondary outcome measures), before and at the end of the 8-week treatment. RESULTS: Weight did not change from baseline after snack bar addition compared to controls (P = 0.44). Waist circumference (P = 0.69), blood pressure (systolic, P = 0.83; diastolic, P = 0.79) and blood lipid panel (total cholesterol, P = 0.72; high-density lipoprotein, P = 0.11; total cholesterol/high-density lipoprotein, P = 0.37; triglycerides, P = 0.89; low-density lipoprotein, P = 0.81) also did not change from baseline compared to controls. CONCLUSIONS: Two daily fruit and nut bars, totalling 1421.9 kJ (340 kcal), did not cause weight gain. The role of habitual snacking on nutrient dense and satiating foods on both weight over time, and diet quality, warrants further study. Satiating snacks rich in fibre may provide a means to weight stabilisation. © 2011 The Authors. Journal of Human Nutrition and Dietetics © 2011 The British Dietetic Association Ltd.  (Source: Article: The effect of the addition of daily fruit and nut bars to diet on weight, and cardiac risk profile, in overweight adults.)
  - Nut consumption, weight gain and obesity: Epidemiological evidence.

BACKGROUND AND AIMS: Short-term trials support that adding tree nuts or peanuts to usual diets does not induce weight gain. We reviewed the available epidemiological evidence on long-term nut consumption and body weight changes. We also report new results from the SUN (""Seguimiento Universidad de Navarra"") cohort. METHODS AND RESULTS: Published epidemiologic studies with ≥1-yr follow-up were located. Two published reports from large cohorts (SUN and Nurses Health Study-2) showed inverse associations between frequency of nut consumption and long-term weight changes. A beneficial effect of a Mediterranean diet supplemented with tree nuts on waist circumference was reported after 1-yr follow-up in the first 1224 high-risk participants in the PREDIMED (""PREvencion DIeta MEDiterranea"") trial. After assessing 11,895 participants of the SUN cohort, a borderline significant (p value for trend = 0.09) inverse association between baseline nut consumption and average yearly weight gain (multivariate-adjusted means = 0.32 kg/yr (95% confidence interval: 0.22-0.42) and 0.24 (0.11-0.37) kg/yr for participants with no consumption and >4 servings/week, respectively) was found after a 6-yr follow-up. CONCLUSIONS: Consumption of nuts was not associated with a higher risk of weight gain in long-term epidemiologic studies and clinical trials. Copyright © 2010 Elsevier B.V. All rights reserved.  (Source: Article: Nut consumption, weight gain and obesity: Epidemiological evidence.)
  - Nuts and healthy body weight maintenance mechanisms.

Nuts are rich sources of multiple nutrients and phytochemicals associated with health benefits, including reduced cardiovascular disease risk. This has prompted recommendations to increase their consumption. However, they are also high in fat and are energy dense. The associations between these properties, positive energy balance and body weight raise questions about such recommendations. Numerous epidemiological and clinical studies show that nuts are not associated with weight gain. Mechanistic studies indicate this is largely attributable to the high satiety and low metabolizable energy (poor bioaccessibility leading to inefficient energy absorption) properties of nuts. Compensatory dietary responses account for 55-75% of the energy provided by nuts. Limited data suggest that routine nut consumption is associated with elevated resting energy expenditure and the thermogenic effect of feeding, resulting in dissipation of another portion of the energy they provide. Additionally, trials contrasting weight loss through regimens that include or exclude nuts indicate improved compliance and greater weight loss when nuts are permitted. Nuts may be included in the diet, in moderation, to enhance palatability, nutrient quality, and chronic disease risk reduction without compromising weight loss or maintenance.  (Source: Article: Nuts and healthy body weight maintenance mechanisms.)","['The effect of the addition of daily fruit and nut bars to diet on weight, and cardiac risk profile, in overweight adults.\n\nBACKGROUND: The frequency of unhealthful snacking has increased dramatically over the last three decades. Fruits and nuts have been shown to have positive health effects. No study has investigated the aggregate effects of various fruits combined with nuts in the form of snack bars on cardiovascular risk factors. The aim of this randomised trial was to investigate the effects of a fruit and nut snack bar on anthropomorphic measures, lipid panel and blood pressure in overweight adults. METHODS: Ninety-four overweight adults (body mass index > 25 kg m(-2)) were randomly assigned to add two fruit and nut bars totalling 1421.9 kJ (340 kcal) to their ad libitum diet (intervention group) or to continue with their ad libitum diet (control group). Subjects underwent assessment for weight (primary outcome measure), as well as waist circumference, lipid panel and blood pressure (secondary outcome measures), before and at the end of the 8-week treatment. RESULTS: Weight did not change from baseline after snack bar addition compared to controls (P = 0.44). Waist circumference (P = 0.69), blood pressure (systolic, P = 0.83; diastolic, P = 0.79) and blood lipid panel (total cholesterol, P = 0.72; high-density lipoprotein, P = 0.11; total cholesterol/high-density lipoprotein, P = 0.37; triglycerides, P = 0.89; low-density lipoprotein, P = 0.81) also did not change from baseline compared to controls. CONCLUSIONS: Two daily fruit and nut bars, totalling 1421.9 kJ (340 kcal), did not cause weight gain. The role of habitual snacking on nutrient dense and satiating foods on both weight over time, and diet quality, warrants further study. Satiating snacks rich in fibre may provide a means to weight stabilisation. © 2011 The Authors. Journal of Human Nutrition and Dietetics © 2011 The British Dietetic Association Ltd.', 'Nut consumption, weight gain and obesity: Epidemiological evidence.\n\nBACKGROUND AND AIMS: Short-term trials support that adding tree nuts or peanuts to usual diets does not induce weight gain. We reviewed the available epidemiological evidence on long-term nut consumption and body weight changes. We also report new results from the SUN (""Seguimiento Universidad de Navarra"") cohort. METHODS AND RESULTS: Published epidemiologic studies with ≥1-yr follow-up were located. Two published reports from large cohorts (SUN and Nurses Health Study-2) showed inverse associations between frequency of nut consumption and long-term weight changes. A beneficial effect of a Mediterranean diet supplemented with tree nuts on waist circumference was reported after 1-yr follow-up in the first 1224 high-risk participants in the PREDIMED (""PREvencion DIeta MEDiterranea"") trial. After assessing 11,895 participants of the SUN cohort, a borderline significant (p value for trend\xa0=\xa00.09) inverse association between baseline nut consumption and average yearly weight gain (multivariate-adjusted means\xa0=\xa00.32\xa0kg/yr (95% confidence interval: 0.22-0.42) and 0.24 (0.11-0.37) kg/yr for participants with no consumption and >4\xa0servings/week, respectively) was found after a 6-yr follow-up. CONCLUSIONS: Consumption of nuts was not associated with a higher risk of weight gain in long-term epidemiologic studies and clinical trials. Copyright © 2010 Elsevier B.V. All rights reserved.', 'Nuts and healthy body weight maintenance mechanisms.\n\nNuts are rich sources of multiple nutrients and phytochemicals associated with health benefits, including reduced cardiovascular disease risk. This has prompted recommendations to increase their consumption. However, they are also high in fat and are energy dense. The associations between these properties, positive energy balance and body weight raise questions about such recommendations. Numerous epidemiological and clinical studies show that nuts are not associated with weight gain. Mechanistic studies indicate this is largely attributable to the high satiety and low metabolizable energy (poor bioaccessibility leading to inefficient energy absorption) properties of nuts. Compensatory dietary responses account for 55-75% of the energy provided by nuts. Limited data suggest that routine nut consumption is associated with elevated resting energy expenditure and the thermogenic effect of feeding, resulting in dissipation of another portion of the energy they provide. Additionally, trials contrasting weight loss through regimens that include or exclude nuts indicate improved compliance and greater weight loss when nuts are permitted. Nuts may be included in the diet, in moderation, to enhance palatability, nutrient quality, and chronic disease risk reduction without compromising weight loss or maintenance.']","The effect of the addition of daily fruit and nut bars to diet on weight, and cardiac risk profile, in overweight adults.",HEALTH_ADVICE,"Article: Nut consumption, weight gain and obesity: Epidemiological evidence.; Article: Nuts and healthy body weight maintenance mechanisms.; Article: The effect of the addition of daily fruit and nut bars to diet on weight, and cardiac risk profile, in overweight adults.",,,,
Is Milk Good for Our Bones?,"Question: Is Milk Good for Our Bones?


Relevant medical references:
  - Milk intake and risk of hip fracture in men and women: a meta-analysis of prospective cohort studies.

Milk contains calcium, phosphorus, and protein and is fortified with vitamin D in the United States. All these ingredients may improve bone health. However, the potential benefit of milk on hip fracture prevention is not well established. The objective of this study was to assess the association of milk intake with risk of hip fracture based on a meta-analysis of cohort studies in middle-aged or older men and women. Data sources for this study were English and non-English publications via Medline (Ovid, PubMed) and EMBASE search up to June 2010, experts in the field, and reference lists. The idea was to compare prospective cohort studies on the same scale so that we could calculate the relative risk (RR) of hip fracture per glass of milk intake daily (approximately 300 mg calcium per glass of milk). Pooled analyses were based on random effects models. The data were extracted by two independent observers. The results show that in women (6 studies, 195,102 women, 3574 hip fractures), there was no overall association between total milk intake and hip fracture risk (pooled RR per glass of milk per day = 0.99; 95% confidence interval [CI] 0.96-1.02; Q-test p = .37). In men (3 studies, 75,149 men, 195 hip fractures), the pooled RR per daily glass of milk was 0.91 (95% CI 0.81-1.01). Our conclusion is that in our meta-analysis of cohort studies, there was no overall association between milk intake and hip fracture risk in women but that more data are needed in men. Copyright © 2011 American Society for Bone and Mineral Research.  (Source: Article: Milk intake and risk of hip fracture in men and women: a meta-analysis of prospective cohort studies.)
  - Addition of milk prevents vascular protective effects of tea.

AIMS: Experimental and clinical studies indicate that tea exerts protection against cardiovascular diseases. However, a question of much debate is whether addition of milk modifies the biological activities of tea. We studied the vascular effects of tea, with or without milk, in humans and elucidated the impact of individual milk proteins in cell culture experiments, with isolated rat aortic rings and by HPLC analysis. METHODS AND RESULTS: A total of 16 healthy female volunteers consumed either 500 mL of freshly brewed black tea, black tea with 10% skimmed milk, or boiled water as control. Flow-mediated dilation (FMD) was measured by high-resolution vascular ultrasound before and 2 h after consumption. Black tea significantly improved FMD in humans compared with water, whereas addition of milk completely blunted the effects of tea. To support these findings, similar experiments were performed in isolated rat aortic rings and endothelial cells. Tea induced vasorelaxation in rat aortic rings and increased the activity of endothelial nitric oxide synthase by phosphorylation of the enzyme in endothelial cells. All effects were completely inhibited by the addition of milk to tea. Of the various kinds of milk proteins, the caseins accounted for these inhibiting effects of milk, probably by formation of complexes with tea catechins. CONCLUSION: Milk counteracts the favourable health effects of tea on vascular function. This finding indicates the need for particular awareness in the interpretation and design of studies comprising nutritional flavonoids.  (Source: Article: Addition of milk prevents vascular protective effects of tea.)
  - Milk consumption: aggravating factor of acne and promoter of chronic diseases of Western societies.

Consumption of cow's milk and cow's milk protein result in changes of the hormonal axis of insulin, growth hormone and insulin-like growth factor-1(IGF-1) in humans. Milk consumption raises IGF-1 serum levels in the perinatal period, adolescence and adulthood. During puberty with the physiological onset of increased secretion of growth hormone, IGF-1 serum levels increase and are further enhanced by milk consumption. IGF-1 is a potent mitogen; after binding to its receptor in various tissues, it induces cell proliferation and inhibits apoptosis. Keratinocytes and sebocytes, as well as the androgen-synthesizing adrenals and gonads, are stimulated by IGF-1. The epidemic incidence of adolescent acne in Western milk-consuming societies can be explained by the increased insulin- and IGF-1-stimulation of sebaceous glands mediated by milk consumption. Acne can be regarded as a model for chronic Western diseases with pathologically increased IGF-1-stimulation. Many other organs, such as the thymus, bones, all glands, and vascular smooth muscle cells as well as neurons are subject to this abnormally increased hormonal stimulation. The milk-induced change of the IGF-1-axis most likely contributes to the development of fetal macrosomia, induction of atopy, accelerated linear growth, atherosclerosis, carcinogenesis and neurodegenerative diseases. Observations of molecular biology are supported by epidemiologic data and unmask milk consumption as a promoter of chronic diseases of Western societies.  (Source: Article: Milk consumption: aggravating factor of acne and promoter of chronic diseases of Western societies.)","['Milk intake and risk of hip fracture in men and women: a meta-analysis of prospective cohort studies.\n\nMilk contains calcium, phosphorus, and protein and is fortified with vitamin D in the United States. All these ingredients may improve bone health. However, the potential benefit of milk on hip fracture prevention is not well established. The objective of this study was to assess the association of milk intake with risk of hip fracture based on a meta-analysis of cohort studies in middle-aged or older men and women. Data sources for this study were English and non-English publications via Medline (Ovid, PubMed) and EMBASE search up to June 2010, experts in the field, and reference lists. The idea was to compare prospective cohort studies on the same scale so that we could calculate the relative risk (RR) of hip fracture per glass of milk intake daily (approximately 300\u2009mg calcium per glass of milk). Pooled analyses were based on random effects models. The data were extracted by two independent observers. The results show that in women (6 studies, 195,102 women, 3574 hip fractures), there was no overall association between total milk intake and hip fracture risk (pooled RR per glass of milk per day\u2009=\u20090.99; 95% confidence interval [CI] 0.96-1.02; Q-test p\u2009=\u2009.37). In men (3 studies, 75,149 men, 195 hip fractures), the pooled RR per daily glass of milk was 0.91 (95% CI 0.81-1.01). Our conclusion is that in our meta-analysis of cohort studies, there was no overall association between milk intake and hip fracture risk in women but that more data are needed in men. Copyright © 2011 American Society for Bone and Mineral Research.', 'Addition of milk prevents vascular protective effects of tea.\n\nAIMS: Experimental and clinical studies indicate that tea exerts protection against cardiovascular diseases. However, a question of much debate is whether addition of milk modifies the biological activities of tea. We studied the vascular effects of tea, with or without milk, in humans and elucidated the impact of individual milk proteins in cell culture experiments, with isolated rat aortic rings and by HPLC analysis. METHODS AND RESULTS: A total of 16 healthy female volunteers consumed either 500 mL of freshly brewed black tea, black tea with 10% skimmed milk, or boiled water as control. Flow-mediated dilation (FMD) was measured by high-resolution vascular ultrasound before and 2 h after consumption. Black tea significantly improved FMD in humans compared with water, whereas addition of milk completely blunted the effects of tea. To support these findings, similar experiments were performed in isolated rat aortic rings and endothelial cells. Tea induced vasorelaxation in rat aortic rings and increased the activity of endothelial nitric oxide synthase by phosphorylation of the enzyme in endothelial cells. All effects were completely inhibited by the addition of milk to tea. Of the various kinds of milk proteins, the caseins accounted for these inhibiting effects of milk, probably by formation of complexes with tea catechins. CONCLUSION: Milk counteracts the favourable health effects of tea on vascular function. This finding indicates the need for particular awareness in the interpretation and design of studies comprising nutritional flavonoids.', ""Milk consumption: aggravating factor of acne and promoter of chronic diseases of Western societies.\n\nConsumption of cow's milk and cow's milk protein result in changes of the hormonal axis of insulin, growth hormone and insulin-like growth factor-1(IGF-1) in humans. Milk consumption raises IGF-1 serum levels in the perinatal period, adolescence and adulthood. During puberty with the physiological onset of increased secretion of growth hormone, IGF-1 serum levels increase and are further enhanced by milk consumption. IGF-1 is a potent mitogen; after binding to its receptor in various tissues, it induces cell proliferation and inhibits apoptosis. Keratinocytes and sebocytes, as well as the androgen-synthesizing adrenals and gonads, are stimulated by IGF-1. The epidemic incidence of adolescent acne in Western milk-consuming societies can be explained by the increased insulin- and IGF-1-stimulation of sebaceous glands mediated by milk consumption. Acne can be regarded as a model for chronic Western diseases with pathologically increased IGF-1-stimulation. Many other organs, such as the thymus, bones, all glands, and vascular smooth muscle cells as well as neurons are subject to this abnormally increased hormonal stimulation. The milk-induced change of the IGF-1-axis most likely contributes to the development of fetal macrosomia, induction of atopy, accelerated linear growth, atherosclerosis, carcinogenesis and neurodegenerative diseases. Observations of molecular biology are supported by epidemiologic data and unmask milk consumption as a promoter of chronic diseases of Western societies.""]",Milk intake and risk of hip fracture in men and women: a meta-analysis of prospective cohort studies.,HEALTH_ADVICE,Article: Addition of milk prevents vascular protective effects of tea.; Article: Milk consumption: aggravating factor of acne and promoter of chronic diseases of Western societies.; Article: Milk intake and risk of hip fracture in men and women: a meta-analysis of prospective cohort studies.,,,,
How Doctors Responded to Being Named a Leading Killer,"Question: How Doctors Responded to Being Named a Leading Killer


Relevant medical references:
  - A global survey of physicians' perceptions on cholesterol management: the From The Heart study.

AIMS: Guidelines for cardiovascular disease (CVD) prevention cite high levels of low-density lipoprotein cholesterol (LDL-C) as a major risk factor and recommend LDL-C goals for various risk groups. Lifestyle changes are advised as first-line treatment for patients with high cholesterol, and statins are recommended in high-risk patients. The From The Heart study investigated current practice for the diagnosis and treatment of high cholesterol, and attitudes towards management of the condition. METHODS: Physicians were randomly selected from 10 countries, and completed a confidential, semi-structured questionnaire. RESULTS: Of 2790 physicians agreeing to participate, 750 (27%) responded. Physicians rated CVD as the leading cause of death, although physicians (80%) perceived that cancer was the most feared illness among patients. Physicians (71%) believed smoking to be the greatest CVD risk factor, while only 50% thought high cholesterol was the greatest risk. Most physicians (81%) used guidelines to set cholesterol goals, primarily their national guidelines (34%) or the National Cholesterol Education Program Adult Treatment Panel III guidelines (24%). Although only 47% of patients reached and maintained their cholesterol goals, 61% of physicians believed that a sufficient number of patients achieved goals, and 53% did not feel frustrated that they could not always effectively treat patients with CVD. CONCLUSION: Results indicate discrepancies between guideline recommendations and clinical practice. Although physicians appreciate the risk of CVD, the importance of achieving healthy cholesterol levels for CVD prevention does not seem to be widely endorsed. There is a need for improved communication regarding the importance of cholesterol lowering and investigation of initiatives to improve goal achievement among physicians.  (Source: Article: A global survey of physicians' perceptions on cholesterol management: the From The Heart study.)
  - Beneficial immunostimulatory effect of short-term Chlorella supplementation: enhancement of Natural Killer cell activity and early inflammatory response (Randomized, double-blinded, placebo-controlled trial)

Background In vitro and animal studies have demonstrated that Chlorella is a potent biological response modifier on immunity. However, there were no direct evidences for the effect of Chlorella supplementation on immune/inflammation response in healthy humans. Methods This study was designed for an 8-week randomized, double-blinded, placebo-controlled trial: 5g of Chlorella (n=23) or Placebo (n=28) as form of tablets. Mainly, cytotoxic activities of Natural killer (NK) cells and serum concentrations of interferon-γ, interleukin-1β and interleukin-12 were measured. Results After the 8-week, serum concentrations of interferon-γ (p<0.05) and interleukin-1β (p<0.001) significantly increased and that of interleukin-12 (p<0.1) tended to increase in the Chlorella group. The increments of these cytokines after the intervention were significantly bigger in the Chlorella group than those in the placebo group. In addition, NK cell activities (%) were significantly increased in Chlorella group, but not in Placebo group. The increments of NK cell activities (%) were also significantly bigger in the Chlorella group than the placebo group. Additionally, changed levels of NK cell activity were positively correlated with those of serum interleukin-1β (r=0.280, p=0.047) and interferon-γ (r=0.271, p<0.005). Signficantly positive correlations were also observed among the changed levels of serum cytokines; between interferon-γ and interleukin-1β (r=0.448, p<0.001), between interleukin-12 and interleukin-1β (r=0.416, p=0.003) and between interleukin-12 and interferon-γ (r=0.570, p<001). Conclusion These results may suggest a beneficial immunostimulatory effect of short-term Chlorella supplementation which enhances the NK cell activity and produces interferon-γ and interleukin-12 as well as interleukin-1β, the Th-1 cell-induced cytokines in healthy people.  (Source: Article: Beneficial immunostimulatory effect of short-term Chlorella supplementation: enhancement of Natural Killer cell activity and early inflammatory response (Randomized, double-blinded, placebo-controlled trial))
  - Effect of blueberry ingestion on natural killer cell counts, oxidative stress, and inflammation prior to and after 2.5 h of running.

Blueberries are rich in antioxidants known as anthocyanins, which may exhibit significant health benefits. Strenous exercise is known to acutely generate oxidative stress and an inflammatory state, and serves as an on-demand model to test antioxidant and anti-inflammatory compounds. The purpose of this study was to examine whether 250 g of blueberries per day for 6 weeks and 375 g given 1 h prior to 2.5 h of running at ∼72% maximal oxygen consumption counters oxidative stress, inflammation, and immune changes. Twenty-five well-trained subjects were recruited and randomized into blueberry (BB) (N = 13) or control (CON) (N = 12) groups. Blood, muscle, and urine samples were obtained pre-exercise and immediately postexercise, and blood and urine 1 h postexercise. Blood was examined for F₂-isoprostanes for oxidative stress, cortisol, cytokines, homocysteine, leukocytes, T-cell function, natural killer (NK), and lymphocyte cell counts for inflammation and immune system activation, and ferric reducing ability of plasma for antioxidant capacity. Muscle biopsies were examined for glycogen and NFkB expression to evaluate stress and inflammation. Urine was tested for modification of DNA (8-OHDG) and RNA (5-OHMU) as markers of nucleic acid oxidation. A 2 (treatment) × 3 (time) repeated measures ANOVA was used for statistical analysis. Increases in F₂-isoprostanes and 5-OHMU were significantly less in BB and plasma IL-10 and NK cell counts were significantly greater in BB vs. CON. Changes in all other markers did not differ. This study indicates that daily blueberry consumption for 6 weeks increases NK cell counts, and acute ingestion reduces oxidative stress and increases anti-inflammatory cytokines.  (Source: Article: Effect of blueberry ingestion on natural killer cell counts, oxidative stress, and inflammation prior to and after 2.5 h of running.)","[""A global survey of physicians' perceptions on cholesterol management: the From The Heart study.\n\nAIMS: Guidelines for cardiovascular disease (CVD) prevention cite high levels of low-density lipoprotein cholesterol (LDL-C) as a major risk factor and recommend LDL-C goals for various risk groups. Lifestyle changes are advised as first-line treatment for patients with high cholesterol, and statins are recommended in high-risk patients. The From The Heart study investigated current practice for the diagnosis and treatment of high cholesterol, and attitudes towards management of the condition. METHODS: Physicians were randomly selected from 10 countries, and completed a confidential, semi-structured questionnaire. RESULTS: Of 2790 physicians agreeing to participate, 750 (27%) responded. Physicians rated CVD as the leading cause of death, although physicians (80%) perceived that cancer was the most feared illness among patients. Physicians (71%) believed smoking to be the greatest CVD risk factor, while only 50% thought high cholesterol was the greatest risk. Most physicians (81%) used guidelines to set cholesterol goals, primarily their national guidelines (34%) or the National Cholesterol Education Program Adult Treatment Panel III guidelines (24%). Although only 47% of patients reached and maintained their cholesterol goals, 61% of physicians believed that a sufficient number of patients achieved goals, and 53% did not feel frustrated that they could not always effectively treat patients with CVD. CONCLUSION: Results indicate discrepancies between guideline recommendations and clinical practice. Although physicians appreciate the risk of CVD, the importance of achieving healthy cholesterol levels for CVD prevention does not seem to be widely endorsed. There is a need for improved communication regarding the importance of cholesterol lowering and investigation of initiatives to improve goal achievement among physicians."", 'Beneficial immunostimulatory effect of short-term Chlorella supplementation: enhancement of Natural Killer cell activity and early inflammatory response (Randomized, double-blinded, placebo-controlled trial)\n\nBackground In vitro and animal studies have demonstrated that Chlorella is a potent biological response modifier on immunity. However, there were no direct evidences for the effect of Chlorella supplementation on immune/inflammation response in healthy humans. Methods This study was designed for an 8-week randomized, double-blinded, placebo-controlled trial: 5g of Chlorella (n=23) or Placebo (n=28) as form of tablets. Mainly, cytotoxic activities of Natural killer (NK) cells and serum concentrations of interferon-γ, interleukin-1β and interleukin-12 were measured. Results After the 8-week, serum concentrations of interferon-γ (p<0.05) and interleukin-1β (p<0.001) significantly increased and that of interleukin-12 (p<0.1) tended to increase in the Chlorella group. The increments of these cytokines after the intervention were significantly bigger in the Chlorella group than those in the placebo group. In addition, NK cell activities (%) were significantly increased in Chlorella group, but not in Placebo group. The increments of NK cell activities (%) were also significantly bigger in the Chlorella group than the placebo group. Additionally, changed levels of NK cell activity were positively correlated with those of serum interleukin-1β (r=0.280, p=0.047) and interferon-γ (r=0.271, p<0.005). Signficantly positive correlations were also observed among the changed levels of serum cytokines; between interferon-γ and interleukin-1β (r=0.448, p<0.001), between interleukin-12 and interleukin-1β (r=0.416, p=0.003) and between interleukin-12 and interferon-γ (r=0.570, p<001). Conclusion These results may suggest a beneficial immunostimulatory effect of short-term Chlorella supplementation which enhances the NK cell activity and produces interferon-γ and interleukin-12 as well as interleukin-1β, the Th-1 cell-induced cytokines in healthy people.', 'Effect of blueberry ingestion on natural killer cell counts, oxidative stress, and inflammation prior to and after 2.5 h of running.\n\nBlueberries are rich in antioxidants known as anthocyanins, which may exhibit significant health benefits. Strenous exercise is known to acutely generate oxidative stress and an inflammatory state, and serves as an on-demand model to test antioxidant and anti-inflammatory compounds. The purpose of this study was to examine whether 250 g of blueberries per day for 6 weeks and 375 g given 1 h prior to 2.5 h of running at ∼72% maximal oxygen consumption counters oxidative stress, inflammation, and immune changes. Twenty-five well-trained subjects were recruited and randomized into blueberry (BB) (N = 13) or control (CON) (N = 12) groups. Blood, muscle, and urine samples were obtained pre-exercise and immediately postexercise, and blood and urine 1 h postexercise. Blood was examined for F₂-isoprostanes for oxidative stress, cortisol, cytokines, homocysteine, leukocytes, T-cell function, natural killer (NK), and lymphocyte cell counts for inflammation and immune system activation, and ferric reducing ability of plasma for antioxidant capacity. Muscle biopsies were examined for glycogen and NFkB expression to evaluate stress and inflammation. Urine was tested for modification of DNA (8-OHDG) and RNA (5-OHMU) as markers of nucleic acid oxidation. A 2 (treatment) × 3 (time) repeated measures ANOVA was used for statistical analysis. Increases in F₂-isoprostanes and 5-OHMU were significantly less in BB and plasma IL-10 and NK cell counts were significantly greater in BB vs. CON. Changes in all other markers did not differ. This study indicates that daily blueberry consumption for 6 weeks increases NK cell counts, and acute ingestion reduces oxidative stress and increases anti-inflammatory cytokines.']","Managing medical mistakes: ideology, insularity and accountability among internists-in-training.",HEALTH_ADVICE,"Article: A global survey of physicians' perceptions on cholesterol management: the From The Heart study.; Article: Beneficial immunostimulatory effect of short-term Chlorella supplementation: enhancement of Natural Killer cell activity and early inflammatory response (Randomized, double-blinded, placebo-controlled trial); Article: Effect of blueberry ingestion on natural killer cell counts, oxidative stress, and inflammation prior to and after 2.5 h of running.",,,,
