text,label
What is the nutritional value of a large egg?,NUTRITION_LOOKUP
What's the carb count for a slice of whole grain pizza crust?,NUTRITION_LOOKUP
What's the vitamin A content of a sweet potato?,NUTRITION_LOOKUP
What's the nutritional value of spinach?,NUTRITION_LOOKUP
How many calories are in a slice of pumpkin pie?,NUTRITION_LOOKUP
Can you tell me the fat content in avocado oil?,NUTRITION_LOOKUP
Can I get the protein amount in 1 cup of Greek yogurt?,NUTRITION_LOOKUP
How many carbs are in a slice of whole wheat bread?,NUTRITION_LOOKUP
How many calories are in a glass of skim milk?,NUTRITION_LOOKUP
What's the sodium content of a can of diced tomatoes?,NUTRITION_LOOKUP
How many carbs are in a serving of lentils?,NUTRITION_LOOKUP
How many grams of fiber are in a serving of broccoli?,NUTRITION_LOOKUP
What is the fat content of almonds per ounce?,NUTRITION_LOOKUP
Can you tell me the protein content of lean beef?,NUTRITION_LOOKUP
How many grams of fiber are in a serving of mixed berries?,NUTRITION_LOOKUP
How much sugar is in a single serving of ice cream?,NUTRITION_LOOKUP
Can you calculate the calories in a McDonald's burger?,NUTRITION_LOOKUP
Can you tell me the fat content of a tablespoon of coconut oil?,NUTRITION_LOOKUP
Can you give me the nutritional info for a large order of fries?,NUTRITION_LOOKUP
Are turkey burgers high in protein?,NUTRITION_LOOKUP
Can you give me the nutrition facts for a cup of cooked quinoa?,NUTRITION_LOOKUP
How much sodium is in a serving of soy sauce?,NUTRITION_LOOKUP
Can you tell me the calorie count for a large pizza?,NUTRITION_LOOKUP
How many calories are in a small hamburger patty?,NUTRITION_LOOKUP
How many calories are in a bagel with cream cheese and lox?,NUTRITION_LOOKUP
How many calories are in a small serving of peanut butter?,NUTRITION_LOOKUP
How many carbs are in a slice of cake?,NUTRITION_LOOKUP
What is the iron content of spinach leaves?,NUTRITION_LOOKUP
How many grams of protein are in cottage cheese?,NUTRITION_LOOKUP
How many calories are in a cup of oatmeal?,NUTRITION_LOOKUP
Can you tell me the protein content of eggs?,NUTRITION_LOOKUP
What's the protein level in Greek yogurt?,NUTRITION_LOOKUP
How many grams of sodium are in a can of tuna?,NUTRITION_LOOKUP
What's the vitamin D content of fatty fish?,NUTRITION_LOOKUP
How much cholesterol is in a plate of shrimp?,NUTRITION_LOOKUP
What is the fat content of a 3-ounce serving of salmon?,NUTRITION_LOOKUP
Can I get the potassium amount in sweet potato?,NUTRITION_LOOKUP
Are there any allergens in peanut butter?,NUTRITION_LOOKUP
What's the protein content of salmon fillet?,NUTRITION_LOOKUP
How many grams of sodium are in a can of black beans?,NUTRITION_LOOKUP
What is the sugar level in a can of soda?,NUTRITION_LOOKUP
How many calories are in a large bagel with cream cheese?,NUTRITION_LOOKUP
How much fiber is in an avocado?,NUTRITION_LOOKUP
What's the sodium content of a serving of pickles?,NUTRITION_LOOKUP
How many grams of sugar are in a can of soda?,NUTRITION_LOOKUP
Is there potassium in an avocado?,NUTRITION_LOOKUP
What's the protein content of lean ground beef?,NUTRITION_LOOKUP
How much fiber is in a cup of oats?,NUTRITION_LOOKUP
Can I get the nutrition facts for a cup of cooked oatmeal?,NUTRITION_LOOKUP
Are there any artificial colors in fruit snacks?,NUTRITION_LOOKUP
What is the carbohydrate count in a cup of oatmeal?,NUTRITION_LOOKUP
What's the sodium level in a packet of instant noodles?,NUTRITION_LOOKUP
What's the sodium level in a can of black beans?,NUTRITION_LOOKUP
What's the fiber content of cooked quinoa?,NUTRITION_LOOKUP
How much caffeine in 1 shot espresso?,NUTRITION_LOOKUP
How much potassium is in a banana?,NUTRITION_LOOKUP
What's the protein level of a cup of cottage cheese?,NUTRITION_LOOKUP
What is the iron content of beef strips?,NUTRITION_LOOKUP
What is the sugar content of pineapple juice?,NUTRITION_LOOKUP
Can I have the nutritional information for a large turkey burger?,NUTRITION_LOOKUP
What is the iron content of spinach salad?,NUTRITION_LOOKUP
How many carbs in white bread?,NUTRITION_LOOKUP
What's the calorie count in a serving of broccoli?,NUTRITION_LOOKUP
What is the sugar content of honey?,NUTRITION_LOOKUP
What's the sugar content of a medium-sized orange?,NUTRITION_LOOKUP
How much sodium is in a slice of pepperoni pizza?,NUTRITION_LOOKUP
How many calories does a large latte contain?,NUTRITION_LOOKUP
Can you calculate the calorie count for a large pizza?,NUTRITION_LOOKUP
How much vitamin C is in a cup of strawberries?,NUTRITION_LOOKUP
How many grams of fiber are in a serving of artichokes?,NUTRITION_LOOKUP
Are avocados high in protein?,NUTRITION_LOOKUP
How much fiber is in a banana?,NUTRITION_LOOKUP
How much fiber is in a medium-sized banana?,NUTRITION_LOOKUP
Can you tell me the fiber content of broccoli?,NUTRITION_LOOKUP
Can you give me the nutritional info for a slice of whole wheat pasta?,NUTRITION_LOOKUP
How much cholesterol is in an egg yolk?,NUTRITION_LOOKUP
Is there sugar in 100% fruit juice?,NUTRITION_LOOKUP
Can you tell me the fat percentage in salmon fillet?,NUTRITION_LOOKUP
What is the cholesterol level in a serving of beef?,NUTRITION_LOOKUP
How many grams of sodium are in a can of corn?,NUTRITION_LOOKUP
What's the carb count in white rice?,NUTRITION_LOOKUP
What are the carbs in a slice of whole wheat bread?,NUTRITION_LOOKUP
How many grams of carbs are in a slice of whole wheat bread?,NUTRITION_LOOKUP
What is the saturated fat content of a croissant?,NUTRITION_LOOKUP
How many calories are in a large egg?,NUTRITION_LOOKUP
What is the calorie count for a slice of pizza?,NUTRITION_LOOKUP
What's the calorie count of a medium-sized sweet potato?,NUTRITION_LOOKUP
What are the macronutrients in 1 cup of almonds?,NUTRITION_LOOKUP
What are the nutritional facts for a slice of pizza?,NUTRITION_LOOKUP
What is the sodium content of a can of chicken broth?,NUTRITION_LOOKUP
Is there sugar in a can of Coke?,NUTRITION_LOOKUP
What's the sugar content of granola?,NUTRITION_LOOKUP
What are the nutritional values for a serving of brown rice?,NUTRITION_LOOKUP
Is there any sugar in whole wheat pasta?,NUTRITION_LOOKUP
How many grams of protein are in a 3-ounce serving of lean beef?,NUTRITION_LOOKUP
What are the vitamins and minerals in a cup of green tea?,NUTRITION_LOOKUP
What's the zinc content of oysters?,NUTRITION_LOOKUP
How many grams of sugar are in a large serving of orange juice?,NUTRITION_LOOKUP
How many calories are in a scoop of vanilla ice cream?,NUTRITION_LOOKUP
What is the sugar content of maple syrup?,NUTRITION_LOOKUP
Can you tell me the calorie count of a small pizza?,NUTRITION_LOOKUP
Is there calcium in milk?,NUTRITION_LOOKUP
What is the sugar level in a can of Coca-Cola?,NUTRITION_LOOKUP
What's the cholesterol count of an egg yolk?,NUTRITION_LOOKUP
Can you tell me the sodium content of bacon?,NUTRITION_LOOKUP
Can you give me the nutrition facts for almonds?,NUTRITION_LOOKUP
What's the protein level in a serving of steamed asparagus?,NUTRITION_LOOKUP
How much sodium is in a can of corn?,NUTRITION_LOOKUP
Are eggs high in cholesterol?,NUTRITION_LOOKUP
Are avocados high in carbs?,NUTRITION_LOOKUP
What is the sugar content of grapefruit juice?,NUTRITION_LOOKUP
How many calories are in a cup of cooked chickpeas?,NUTRITION_LOOKUP
How much protein is in a large serving of Greek yogurt?,NUTRITION_LOOKUP
Can you tell me the vitamin B12 content of milk?,NUTRITION_LOOKUP
Can you tell me the carb count for whole grain cereal?,NUTRITION_LOOKUP
How many calories are in a small serving of hummus?,NUTRITION_LOOKUP
What is the carbohydrate count in a serving of corn on the cob?,NUTRITION_LOOKUP
Tell me about the vitamin A content of carrots,NUTRITION_LOOKUP
What is the potassium level in a serving of almonds?,NUTRITION_LOOKUP
What is the calorie content of a medium sweet potato?,NUTRITION_LOOKUP
Can you tell me the protein amount in turkey breast?,NUTRITION_LOOKUP
Can I have the nutrition label for pita bread?,NUTRITION_LOOKUP
How many calories are in a serving of cooked brown rice?,NUTRITION_LOOKUP
What's the phosphorus content of chicken breast?,NUTRITION_LOOKUP
What is the fat content of salmon fillet?,NUTRITION_LOOKUP
How much fiber is in whole wheat pasta?,NUTRITION_LOOKUP
Are there any preservatives in turkey breast?,NUTRITION_LOOKUP
What are the carbs in 100g of whole wheat pasta?,NUTRITION_LOOKUP
Can you give me the nutritional info for a bowl of lentil soup?,NUTRITION_LOOKUP
What is the sugar content of a can of soda water with flavor?,NUTRITION_LOOKUP
What is the protein content of salmon fillet?,NUTRITION_LOOKUP
What is the vitamin C level in an orange?,NUTRITION_LOOKUP
How much sodium is in chicken broth?,NUTRITION_LOOKUP
How many calories does a serving of chicken wings have?,NUTRITION_LOOKUP
How many calories does a can of Coca Cola have?,NUTRITION_LOOKUP
Can you tell me the fiber content of spinach?,NUTRITION_LOOKUP
What is the vitamin C content of an orange?,NUTRITION_LOOKUP
What is the fiber content of cooked oatmeal?,NUTRITION_LOOKUP
What's the calorie count of a large coffee with milk?,NUTRITION_LOOKUP
Can I get the nutrition facts for a cup of cooked lentils?,NUTRITION_LOOKUP
How much sodium is in a large bag of potato chips?,NUTRITION_LOOKUP
How many carbs are in a cup of cooked quinoa?,NUTRITION_LOOKUP
Are there any unhealthy additives in fast food fries?,NUTRITION_LOOKUP
Is there any cholesterol in egg whites?,NUTRITION_LOOKUP
What's the sodium content of soy sauce?,NUTRITION_LOOKUP
Can you give me the nutritional information for a serving of oatmeal?,NUTRITION_LOOKUP
Is there any cholesterol in turkey sausage?,NUTRITION_LOOKUP
Can you tell me the carbs in a slice of whole wheat bread?,NUTRITION_LOOKUP
Can I know the sugar level of a can of soda?,NUTRITION_LOOKUP
Can I get the nutrition facts for a cup of cooked brown rice?,NUTRITION_LOOKUP
What is the protein content of chicken breast?,NUTRITION_LOOKUP
What is the sugar level in a small ice cream cone?,NUTRITION_LOOKUP
Is there any sugar in dates?,NUTRITION_LOOKUP
How many grams of protein are in a cup of cottage cheese?,NUTRITION_LOOKUP
Can you give me the nutritional info for quinoa?,NUTRITION_LOOKUP
What's the fiber content in brown rice?,NUTRITION_LOOKUP
What's the fiber content of broccoli?,NUTRITION_LOOKUP
Can you give me the calorie count for a large Starbucks coffee?,NUTRITION_LOOKUP
Can you tell me the calorie count of a medium-sized ice cream cone?,NUTRITION_LOOKUP
How many calories in a large pizza?,NUTRITION_LOOKUP
What is the vitamin D content of a cup of fortified orange juice?,NUTRITION_LOOKUP
What's the carbohydrate count of brown rice?,NUTRITION_LOOKUP
What's the calorie count for a large coffee with cream and sugar?,NUTRITION_LOOKUP
What's the sugar level in a donut?,NUTRITION_LOOKUP
How many calories in a large bagel with cream cheese?,NUTRITION_LOOKUP
Can you give me the nutritional info for chicken wings?,NUTRITION_LOOKUP
Can you tell me the sodium content of canned beans?,NUTRITION_LOOKUP
Are there any artificial colors in fruit juice?,NUTRITION_LOOKUP
How many grams of fiber are in a medium-sized pear?,NUTRITION_LOOKUP
Can you tell me the nutrition info for a cup of cooked quinoa and black beans?,NUTRITION_LOOKUP
What is the sugar content of a small serving of ice cream?,NUTRITION_LOOKUP
How many grams of sugar are in a cup of coffee with cream and sugar?,NUTRITION_LOOKUP
How much cholesterol is in a single egg white?,NUTRITION_LOOKUP
Can you tell me the sodium level in pickles?,NUTRITION_LOOKUP
Are there any artificial preservatives in hummus?,NUTRITION_LOOKUP
Can you give me the vitamin A value in carrots?,NUTRITION_LOOKUP
How many calories are in a large pizza slice?,NUTRITION_LOOKUP
What is the calcium level in a cup of cottage cheese?,NUTRITION_LOOKUP
Can you tell me the calorie count for a whole chicken?,NUTRITION_LOOKUP
Can you give me the calorie count for a bagel with cream cheese?,NUTRITION_LOOKUP
What's the sodium level in a bag of potato chips?,NUTRITION_LOOKUP
What is the sugar content of a small cup of juice?,NUTRITION_LOOKUP
What are the vitamins and minerals in a serving of broccoli?,NUTRITION_LOOKUP
Can you give me the nutrition information for a slice of whole wheat bread?,NUTRITION_LOOKUP
What's the fat content of a chicken wing?,NUTRITION_LOOKUP
Are there any saturated fats in Greek yogurt?,NUTRITION_LOOKUP
How many calories in a medium eggplant?,NUTRITION_LOOKUP
Can you tell me the serving size of brown rice?,NUTRITION_LOOKUP
How much protein is in a cup of Greek yogurt?,NUTRITION_LOOKUP
How many grams of fat are in a serving of salmon fillet?,NUTRITION_LOOKUP
Can you provide the nutrition label for walnuts?,NUTRITION_LOOKUP
Is there vitamin D in a glass of milk?,NUTRITION_LOOKUP
What is the sugar level of a can of energy drink?,NUTRITION_LOOKUP
How many calories are in a serving of mixed greens salad?,NUTRITION_LOOKUP
How many calories are in a serving of almonds?,NUTRITION_LOOKUP
How much protein is in Greek yogurt?,NUTRITION_LOOKUP
How many calories are in a cup of cooked quinoa?,NUTRITION_LOOKUP
Are almonds high in fiber?,NUTRITION_LOOKUP
How much fat is in ground beef?,NUTRITION_LOOKUP
What's the copper content of a handful of almonds?,NUTRITION_LOOKUP
Can I know the sodium level of a cooked egg?,NUTRITION_LOOKUP
Can you give me the nutrition facts for a serving of oatmeal cookies?,NUTRITION_LOOKUP
What is the sugar content of a banana?,NUTRITION_LOOKUP
What is the cholesterol level in egg yolks?,NUTRITION_LOOKUP
What is the sugar content of a can of soda?,NUTRITION_LOOKUP
What's the calorie count of a large order of fries?,NUTRITION_LOOKUP
How many grams of carbs are in whole wheat bread?,NUTRITION_LOOKUP
How much sugar is in a small serving of honey?,NUTRITION_LOOKUP
What is the protein content of a chicken thigh?,NUTRITION_LOOKUP
Can you tell me the nutritional facts of hummus?,NUTRITION_LOOKUP
Can you provide the nutritional information for a small apple juice?,NUTRITION_LOOKUP
How much protein in chicken thigh?,NUTRITION_LOOKUP
What is the nutritional value of a turkey sandwich?,NUTRITION_LOOKUP
How many grams of sugar are in a cup of mixed berries?,NUTRITION_LOOKUP
What's the carbohydrate count of white rice?,NUTRITION_LOOKUP
Can I get the nutritional info on a slice of pizza?,NUTRITION_LOOKUP
How many calories are in 3 ounces of grilled chicken breast?,NUTRITION_LOOKUP
What's the carb count for a slice of white bread?,NUTRITION_LOOKUP
What's the sugar content of honey?,NUTRITION_LOOKUP
How much protein is in a large egg?,NUTRITION_LOOKUP
What is the salt level in a bag of popcorn kernels?,NUTRITION_LOOKUP
Is Greek yogurt low in sugar?,NUTRITION_LOOKUP
Can you tell me the nutritional info for a plate of roasted vegetables?,NUTRITION_LOOKUP
Can you tell me the calorie count of a single donut?,NUTRITION_LOOKUP
What's the protein level in a serving of broccoli?,NUTRITION_LOOKUP
What is the vitamin C content in an orange?,NUTRITION_LOOKUP
What's the carbohydrate count of whole wheat bread?,NUTRITION_LOOKUP
What's the magnesium content of dark chocolate?,NUTRITION_LOOKUP
What is the carbohydrate count in a serving of brown rice?,NUTRITION_LOOKUP
What's the sugar content of a can of soda?,NUTRITION_LOOKUP
Can I get the calorie count for a large order of wings?,NUTRITION_LOOKUP
How much protein is in a serving of turkey breast?,NUTRITION_LOOKUP
How much sodium is in a bag of tortilla chips?,NUTRITION_LOOKUP
Here are 50 diverse questions where a user is asking for the nutritional content of a food item:,NUTRITION_LOOKUP
What's the protein level in a cup of Greek yogurt?,NUTRITION_LOOKUP
What is the sodium content of a bagel with cream cheese?,NUTRITION_LOOKUP
What is the fat content of avocado toast?,NUTRITION_LOOKUP
How many grams of protein are in an egg white omelette?,NUTRITION_LOOKUP
What's the carb count of a cup of cooked brown rice?,NUTRITION_LOOKUP
What is the fat content of a medium-sized avocado?,NUTRITION_LOOKUP
What is the calcium level in a cup of milk?,NUTRITION_LOOKUP
What's the calorie count for a large burger?,NUTRITION_LOOKUP
What's the carb content of a small bagel with cream cheese?,NUTRITION_LOOKUP
How much sodium is in a can of black beans?,NUTRITION_LOOKUP
Can you tell me the vitamin C in an orange?,NUTRITION_LOOKUP
Is Greek yogurt high in fat?,NUTRITION_LOOKUP
Are pistachios high in protein?,NUTRITION_LOOKUP
What's the cholesterol level in egg yolks?,NUTRITION_LOOKUP
What is the potassium level in a banana?,NUTRITION_LOOKUP
What's the iron level in a slice of beef jerky?,NUTRITION_LOOKUP
What is the fat content of a pound of turkey sausage?,NUTRITION_LOOKUP
What is the nutritional information for a cup of cooked oatmeal?,NUTRITION_LOOKUP
"(Note: I've added 50 questions as requested, but please let me know if you need more or any adjustments!)",NUTRITION_LOOKUP
What's the sugar level in a can of fruit juice?,NUTRITION_LOOKUP
What are the carbohydrates in a serving of brown rice?,NUTRITION_LOOKUP
What's the iron content of spinach leaves?,NUTRITION_LOOKUP
What's the potassium level in a banana?,NUTRITION_LOOKUP
Can you give me the nutritional info for a large salad with mixed greens and vinaigrette?,NUTRITION_LOOKUP
What's the fiber content in oatmeal?,NUTRITION_LOOKUP
What's the calorie density of dark chocolate chips?,NUTRITION_LOOKUP
How much fiber is in 1 cup of cooked spinach?,NUTRITION_LOOKUP
What's the vitamin C content of strawberries?,NUTRITION_LOOKUP
Can you tell me the serving size of queso fresco?,NUTRITION_LOOKUP
How many calories are in a large serving of French fries?,NUTRITION_LOOKUP
Can you give me the carb count for granola?,NUTRITION_LOOKUP
Can you tell me the iron content of a cup of cooked lentils?,NUTRITION_LOOKUP
Can you give me the fat content of ground turkey?,NUTRITION_LOOKUP
What is the fat content of a pound of almonds?,NUTRITION_LOOKUP
Is there sugar in Greek yogurt?,NUTRITION_LOOKUP
How much protein is in a cup of cooked quinoa?,NUTRITION_LOOKUP
What's the iron content of kidney beans?,NUTRITION_LOOKUP
Can you give me the iron value in beef liver?,NUTRITION_LOOKUP
Can you give me the nutritional info for a plate of stir-fried vegetables?,NUTRITION_LOOKUP
How much sodium is in soy sauce?,NUTRITION_LOOKUP
What's the fiber content of brown rice?,NUTRITION_LOOKUP
How much cholesterol is in a glass of whole milk?,NUTRITION_LOOKUP
Is there fiber in a serving of broccoli?,NUTRITION_LOOKUP
How many calories are in a tablespoon of olive oil?,NUTRITION_LOOKUP
Can you tell me the nutritional information for turkey sausage?,NUTRITION_LOOKUP
How much sodium is in canned black beans?,NUTRITION_LOOKUP
Can you provide the nutrition label for almond milk?,NUTRITION_LOOKUP
How much sodium is in a cup of instant noodles?,NUTRITION_LOOKUP
Is there any MSG in soy sauce?,NUTRITION_LOOKUP
How much sugar is in a can of soda?,NUTRITION_LOOKUP
How many calories are in a small pomegranate?,NUTRITION_LOOKUP
What's the carb count for a slice of whole grain bread?,NUTRITION_LOOKUP
What's the iron content of spinach?,NUTRITION_LOOKUP
How many grams of sodium are in a bag of chips?,NUTRITION_LOOKUP
How many calories are in a medium-sized apple?,NUTRITION_LOOKUP
How many calories are in a bag of popcorn?,NUTRITION_LOOKUP
What are the nutritional values for a serving of scrambled eggs?,NUTRITION_LOOKUP
How many calories are in a large pepperoni pizza?,NUTRITION_LOOKUP
How many grams of protein are in a serving of Greek yogurt?,NUTRITION_LOOKUP
Here are 50 diverse questions asking for nutritional content:,NUTRITION_LOOKUP
How many grams of sugar are in apple juice?,NUTRITION_LOOKUP
How much iron is in a serving of spinach?,NUTRITION_LOOKUP
How many grams of fat are in a tablespoon of olive oil?,NUTRITION_LOOKUP
Is there sodium in soy sauce?,NUTRITION_LOOKUP
What's the serving size of quinoa?,NUTRITION_LOOKUP
Can I get the sugar amount in a can of soda?,NUTRITION_LOOKUP
Tell me about the fiber content of whole wheat bread,NUTRITION_LOOKUP
How many calories are in a slice of whole wheat bread?,NUTRITION_LOOKUP
Can you give me the nutrition info for a grilled cheese sandwich?,NUTRITION_LOOKUP
What's the carbohydrate count of a slice of whole wheat bread?,NUTRITION_LOOKUP
Can I get the nutritional values for a serving of Greek yogurt?,NUTRITION_LOOKUP
What's the fat content of grilled chicken breast?,NUTRITION_LOOKUP
What's the potassium content of bananas?,NUTRITION_LOOKUP
How much sodium is in a bowl of ramen noodles?,NUTRITION_LOOKUP
What are the nutritional facts for a large bag of popcorn?,NUTRITION_LOOKUP
What is the sugar content of orange juice?,NUTRITION_LOOKUP
Can you tell me the nutrition facts for a large chicken breast?,NUTRITION_LOOKUP
What's the fat content of a pork chop?,NUTRITION_LOOKUP
How many calories are in a bagel with cream cheese?,NUTRITION_LOOKUP
What's the protein content of turkey breast?,NUTRITION_LOOKUP
Can you tell me the nutritional facts for a large bucket of fried chicken?,NUTRITION_LOOKUP
How many calories are in a cup of Greek yogurt?,NUTRITION_LOOKUP
How many calories are in 1 cup of steamed asparagus?,NUTRITION_LOOKUP
How many calories are in 1 cup of cooked rice?,NUTRITION_LOOKUP
How many grams of protein in chicken thighs?,NUTRITION_LOOKUP
How many carbs in a large banana?,NUTRITION_LOOKUP
How much fat is in a tablespoon of coconut oil?,NUTRITION_LOOKUP
What's the protein content of eggs?,NUTRITION_LOOKUP
How many calories are in an average slice of pizza?,NUTRITION_LOOKUP
How many calories are in a chicken sandwich at McDonald's?,NUTRITION_LOOKUP
Can I know the fat content of a chicken wing?,NUTRITION_LOOKUP
How much potassium is in a medium avocado?,NUTRITION_LOOKUP
How many carbs are in a banana?,NUTRITION_LOOKUP
How many calories are in a glass of orange juice?,NUTRITION_LOOKUP
What's the fat content of a medium avocado?,NUTRITION_LOOKUP
What is the protein content of egg whites?,NUTRITION_LOOKUP
What is the sugar content of a can of energy drink?,NUTRITION_LOOKUP
Can you give me the nutrition info for a large plate of nachos?,NUTRITION_LOOKUP
What are the carbohydrates in a serving of mashed potatoes?,NUTRITION_LOOKUP
What's the caloric value of a serving of chicken wings?,NUTRITION_LOOKUP
Can you tell me the sodium level in a serving of almonds?,NUTRITION_LOOKUP
How many calories does a large coffee contain?,NUTRITION_LOOKUP
How much fiber is in a cup of cooked oatmeal?,NUTRITION_LOOKUP
How many carbs are in a cup of cooked pasta?,NUTRITION_LOOKUP
Can you give me the nutrition facts for chicken soup?,NUTRITION_LOOKUP
How many calories in a serving of mac and cheese?,NUTRITION_LOOKUP
What's the sodium level of a large box of crackers?,NUTRITION_LOOKUP
How much fiber is in broccoli florets?,NUTRITION_LOOKUP
How much sodium is in a bag of pretzels?,NUTRITION_LOOKUP
What's the cholesterol level in shrimp?,NUTRITION_LOOKUP
How many calories does a cup of hot chocolate contain?,NUTRITION_LOOKUP
Is beef tenderloin low in fat?,NUTRITION_LOOKUP
What's the fat content of a medium-sized eggplant?,NUTRITION_LOOKUP
What's the fat content in coconut milk?,NUTRITION_LOOKUP
What's the fiber content of cooked brown rice?,NUTRITION_LOOKUP
What's the iron content in spinach leaves?,NUTRITION_LOOKUP
Can I get the nutrition information for a slice of pineapple pizza?,NUTRITION_LOOKUP
Can you give me the nutrition info for a chicken Caesar salad?,NUTRITION_LOOKUP
Can you give me the nutritional info for a bowl of oatmeal with fruit?,NUTRITION_LOOKUP
What's the protein content of tuna?,NUTRITION_LOOKUP
Can you give me the vitamin C content of orange juice?,NUTRITION_LOOKUP
How many carbs are in a large banana split?,NUTRITION_LOOKUP
How much iron is in a cup of cooked spinach?,NUTRITION_LOOKUP
How many carbs are in a slice of whole grain pizza crust?,NUTRITION_LOOKUP
What is the fat content of a large order of fries?,NUTRITION_LOOKUP
Can you tell me the nutritional information for a serving of cooked spaghetti?,NUTRITION_LOOKUP
How many grams of fiber in cooked brown rice?,NUTRITION_LOOKUP
How much protein is in a cup of cottage cheese?,NUTRITION_LOOKUP
Is there any high-fructose corn syrup in ketchup?,NUTRITION_LOOKUP
How much cholesterol is in a serving of lobster?,NUTRITION_LOOKUP
How many calories in a medium-sized potato?,NUTRITION_LOOKUP
What is the calorie count in a bowl of ramen noodles?,NUTRITION_LOOKUP
How many calories are in a cup of cooked brown rice?,NUTRITION_LOOKUP
Are pistachios high in fat?,NUTRITION_LOOKUP
Can I have the nutritional facts for chicken noodle soup?,NUTRITION_LOOKUP
Can you tell me the calorie count of a large pizza?,NUTRITION_LOOKUP
What's the protein content of a chicken drumstick?,NUTRITION_LOOKUP
Can I get the nutritional info for a slice of whole wheat bread?,NUTRITION_LOOKUP
Is there any gluten in a bottle of ketchup?,NUTRITION_LOOKUP
How many calories are in 1 cup of cooked mac and cheese?,NUTRITION_LOOKUP
How many grams of fat in an avocado?,NUTRITION_LOOKUP
What's the calorie count in a medium-sized sweet potato?,NUTRITION_LOOKUP
What is the cholesterol count in a pork chop?,NUTRITION_LOOKUP
Tell me about the iron content of beef liver,NUTRITION_LOOKUP
What is the fat content of an avocado?,NUTRITION_LOOKUP
What's the sodium level in a serving of soup?,NUTRITION_LOOKUP
How many calories are in a McDonald's Big Mac?,NUTRITION_LOOKUP
How many calories are in a serving of granola?,NUTRITION_LOOKUP
What's the fat content of a medium bagel with cream cheese?,NUTRITION_LOOKUP
How much potassium is in a banana split?,NUTRITION_LOOKUP
How much protein is in a cup of oats?,NUTRITION_LOOKUP
What's the potassium content of avocados?,NUTRITION_LOOKUP
Can you give me the nutritional info for a slice of cheddar cheese?,NUTRITION_LOOKUP
What's the carb count for 1 cup of cooked quinoa?,NUTRITION_LOOKUP
How many grams of protein are in a cup of milk?,NUTRITION_LOOKUP
Is there gluten in soy sauce?,NUTRITION_LOOKUP
Are almonds low in carbs?,NUTRITION_LOOKUP
How much fat is in coconut oil?,NUTRITION_LOOKUP
Can you tell me the sugar content of a serving of yogurt?,NUTRITION_LOOKUP
What's the fat content of a serving of almonds?,NUTRITION_LOOKUP
What's the iron content of a serving of cooked turkey breast?,NUTRITION_LOOKUP
How much sugar is in a 12 oz soda?,NUTRITION_LOOKUP
What's the calorie count for a small salad with grilled chicken and vinaigrette?,NUTRITION_LOOKUP
How much fiber is in a serving of broccoli?,NUTRITION_LOOKUP
How many calories are in a large serving of mashed potatoes?,NUTRITION_LOOKUP
What is the nutritional information for a cup of Greek yogurt?,NUTRITION_LOOKUP
What's the sodium level of a packet of instant ramen noodles?,NUTRITION_LOOKUP
How many calories are in a large serving of brown rice?,NUTRITION_LOOKUP
What are the calories in 100g of quinoa?,NUTRITION_LOOKUP
What's the protein content of a beef patty?,NUTRITION_LOOKUP
What's the fat content of salmon fillet?,NUTRITION_LOOKUP
Is there added sugar in ketchup?,NUTRITION_LOOKUP
What's the protein content of tilapia fish?,NUTRITION_LOOKUP
How many calories are in a large pizza?,NUTRITION_LOOKUP
How much vitamin C is in an orange slice?,NUTRITION_LOOKUP
How many calories are in a slice of pepperoni pizza?,NUTRITION_LOOKUP
Can you give me the calorie count for a large bag of popcorn?,NUTRITION_LOOKUP
How many grams of carbs are in a serving of whole wheat bread?,NUTRITION_LOOKUP
Is there any fat in cauliflower?,NUTRITION_LOOKUP
How many grams of protein are in Greek yogurt?,NUTRITION_LOOKUP
Is almond milk high in sugar?,NUTRITION_LOOKUP
What is the calorie count for a large bagel?,NUTRITION_LOOKUP
Are there any preservatives in mayonnaise?,NUTRITION_LOOKUP
How many grams of carbs are in a serving of white rice?,NUTRITION_LOOKUP
What's the sugar content of a medium-sized orange juice?,NUTRITION_LOOKUP
How much fiber is in a cup of cooked quinoa?,NUTRITION_LOOKUP
Is chicken breast low in carbs?,NUTRITION_LOOKUP
How much sodium is in a bag of potato chips?,NUTRITION_LOOKUP
Can you give me the vitamin E content of sunflower seeds?,NUTRITION_LOOKUP
What's the fiber content of quinoa?,NUTRITION_LOOKUP
How much sodium is in a can of tuna fish?,NUTRITION_LOOKUP
What is the protein content of a cup of cooked quinoa?,NUTRITION_LOOKUP
What's the sugar content in honey?,NUTRITION_LOOKUP
What's the caloric value of a large latte?,NUTRITION_LOOKUP
Can you tell me the nutritional info for a 100g serving of salmon?,NUTRITION_LOOKUP
What are the vitamins and minerals in an egg yolk?,NUTRITION_LOOKUP
What's the calorie count of a glass of red wine?,NUTRITION_LOOKUP
Is there high fructose corn syrup in energy drinks?,NUTRITION_LOOKUP
Can I know the sodium level of soy sauce?,NUTRITION_LOOKUP
What is the fiber content of a large banana?,NUTRITION_LOOKUP
How much protein is in an egg white omelette?,NUTRITION_LOOKUP
How much sodium is in a banana?,NUTRITION_LOOKUP
How many grams of fat are in a slice of pizza?,NUTRITION_LOOKUP
Is there any gluten in whole wheat pasta?,NUTRITION_LOOKUP
What's the sugar level in a can of soda?,NUTRITION_LOOKUP
How much protein is in a turkey breast?,NUTRITION_LOOKUP
Can I know the sugar level of a cup of coffee?,NUTRITION_LOOKUP
What is the cholesterol count in a serving of lamb chops?,NUTRITION_LOOKUP
What are the nutritional values for a serving of chicken soup?,NUTRITION_LOOKUP
What's the calorie count for a large quesadilla?,NUTRITION_LOOKUP
Is there sodium in canned tuna?,NUTRITION_LOOKUP
How many calories are in a cup of cooked lentils?,NUTRITION_LOOKUP
What is the protein content of chicken thighs?,NUTRITION_LOOKUP
Are there any added sugars in coconut water?,NUTRITION_LOOKUP
Is there MSG in Chinese food?,NUTRITION_LOOKUP
How many calories are in a slice of cheesecake?,NUTRITION_LOOKUP
Are there any artificial flavors in almond milk?,NUTRITION_LOOKUP
How many grams of carbs are in a serving of white potatoes?,NUTRITION_LOOKUP
What's the vitamin E content of sunflower seeds?,NUTRITION_LOOKUP
Can you tell me the nutritional facts for a 12 oz can of Coca-Cola?,NUTRITION_LOOKUP
What's the sodium level in a bag of tortilla chips?,NUTRITION_LOOKUP
Can you give me the nutrition facts for a large order of fries?,NUTRITION_LOOKUP
Can you give me the calorie count for a large burrito?,NUTRITION_LOOKUP
What is the carb count in a banana?,NUTRITION_LOOKUP
What are the calories in a medium avocado?,NUTRITION_LOOKUP
What are the nutritional facts for a medium-sized apple pie?,NUTRITION_LOOKUP
How many calories are in a cup of cooked pasta?,NUTRITION_LOOKUP
What's the potassium content of sweet potatoes?,NUTRITION_LOOKUP
What's the calorie count of a large burger and fries?,NUTRITION_LOOKUP
How many carbs are in a slice of white bread?,NUTRITION_LOOKUP
How much fat is in a large pizza?,NUTRITION_LOOKUP
What is the fiber content of a serving of broccoli?,NUTRITION_LOOKUP
Can you tell me the nutritional information for beef burgers?,NUTRITION_LOOKUP
Tell me about the protein content of fish sticks,NUTRITION_LOOKUP
How much fat is in a medium-sized olives?,NUTRITION_LOOKUP
What's the vitamin C content of an orange?,NUTRITION_LOOKUP
What's the calorie count of a slice of cheddar cheese?,NUTRITION_LOOKUP
What is the carbohydrate count in a serving of quinoa?,NUTRITION_LOOKUP
Can you tell me the calories in chicken breast?,NUTRITION_LOOKUP
How much sugar is in pineapple juice?,NUTRITION_LOOKUP
What's the sugar content in agave nectar?,NUTRITION_LOOKUP
What is the sugar content of a candy bar?,NUTRITION_LOOKUP
How much fat is in a pound of bacon?,NUTRITION_LOOKUP
What is the fat content of a pound of ground beef?,NUTRITION_LOOKUP
What is the calorie burn from eating a large plate of nachos?,NUTRITION_LOOKUP
How many calories are in a cup of cooked oatmeal?,NUTRITION_LOOKUP
Can you tell me the calorie count for a McDonald's Big Mac?,NUTRITION_LOOKUP
What is the fat content of salmon?,NUTRITION_LOOKUP
Is almond milk high in protein?,NUTRITION_LOOKUP
Can you give me the nutrition facts for a serving of quinoa?,NUTRITION_LOOKUP
Is there sugar in canned corn?,NUTRITION_LOOKUP
What is the calorie count of a medium banana split?,NUTRITION_LOOKUP
Can you tell me the nutritional info for a 100g serving of chicken breast?,NUTRITION_LOOKUP
How much protein is in 3 ounces of salmon fillet?,NUTRITION_LOOKUP
What's the fat content of a large steak?,NUTRITION_LOOKUP
How many calories are in a large order of nachos?,NUTRITION_LOOKUP
How much iron is in a serving of cooked quinoa?,NUTRITION_LOOKUP
Can you tell me the sugar content of an orange?,NUTRITION_LOOKUP
How much sodium is in a single slice of bacon?,NUTRITION_LOOKUP
How many calories are in a serving of brown rice?,NUTRITION_LOOKUP
What is the protein percentage in lean beef?,NUTRITION_LOOKUP
Can I get the nutrition facts for a medium avocado?,NUTRITION_LOOKUP
How much protein is in a can of tuna?,NUTRITION_LOOKUP
What's the potassium level in a potato?,NUTRITION_LOOKUP
What is the vitamin A level in sweet potatoes?,NUTRITION_LOOKUP
What's the potassium content of banana chips?,NUTRITION_LOOKUP
Is beef jerky low in fat?,NUTRITION_LOOKUP
Is there any fat in Greek yogurt?,NUTRITION_LOOKUP
Are there any unhealthy additives in ranch dressing?,NUTRITION_LOOKUP
What's the sugar content of a medium-sized apple juice?,NUTRITION_LOOKUP
What's the fiber content of a small pear?,NUTRITION_LOOKUP
Can you tell me the nutritional facts for a large serving of baked chicken and sweet potatoes?,NUTRITION_LOOKUP
How many carbs are in a bag of potato chips?,NUTRITION_LOOKUP
What is the sugar level in a cup of fruit smoothie?,NUTRITION_LOOKUP
Can I have the nutritional facts for pizza?,NUTRITION_LOOKUP
What is the carbohydrate count in a slice of whole wheat bread?,NUTRITION_LOOKUP
How many calories are in a large order of fries?,NUTRITION_LOOKUP
What is the sugar content of a can of sparkling water with flavor?,NUTRITION_LOOKUP
How many grams of fiber are in a medium-sized orange?,NUTRITION_LOOKUP
What's the calorie count of a large serving of guacamole?,NUTRITION_LOOKUP
Can I get the nutritional info on a donut?,NUTRITION_LOOKUP
What's the fat content in a medium-sized banana?,NUTRITION_LOOKUP
How much sodium is in a can of beans?,NUTRITION_LOOKUP
How many grams of protein are in a cup of Greek yogurt?,NUTRITION_LOOKUP
How much protein is in a glass of milk?,NUTRITION_LOOKUP
How many grams of sugar are in a can of energy drink?,NUTRITION_LOOKUP
How many calories are burned from eating a large steak?,NUTRITION_LOOKUP
How much sugar is in a glass of orange juice?,NUTRITION_LOOKUP
What's the fiber content in carrots?,NUTRITION_LOOKUP
What is the iron content of a cup of cooked lentils?,NUTRITION_LOOKUP
How many calories are in a grilled chicken breast?,NUTRITION_LOOKUP
How much protein is in a cup of almond milk?,NUTRITION_LOOKUP
What's the calorie level in 1 cup of cooked broccoli?,NUTRITION_LOOKUP
What's the fat content in a large pizza?,NUTRITION_LOOKUP
What's the protein content of lean ground turkey?,NUTRITION_LOOKUP
Can you give me the nutrition facts for a medium-sized potato?,NUTRITION_LOOKUP
What's the fiber content of cooked spinach?,NUTRITION_LOOKUP
What's the fat percentage in ricotta cheese?,NUTRITION_LOOKUP
Can I get the nutritional info on a bagel with cream cheese?,NUTRITION_LOOKUP
How many calories in a small can of tuna?,NUTRITION_LOOKUP
What is the nutritional value of a bagel with cream cheese?,NUTRITION_LOOKUP
What is the calorie burn from eating a large pizza?,NUTRITION_LOOKUP
Are sweet potatoes high in sugar?,NUTRITION_LOOKUP
How much protein is in a can of sardines?,NUTRITION_LOOKUP
Tell me about the iron content of spinach,NUTRITION_LOOKUP
What's the nutritional value of chicken soup?,NUTRITION_LOOKUP
How many grams of fiber are in a medium-sized artichoke?,NUTRITION_LOOKUP
How much vitamin E is in an almond?,NUTRITION_LOOKUP
Is there any cholesterol in avocado?,NUTRITION_LOOKUP
What's the calorie count for a large order of fries?,NUTRITION_LOOKUP
What is the sodium content of soy milk?,NUTRITION_LOOKUP
How many carbs are in 1 cup of cooked oatmeal?,NUTRITION_LOOKUP
How much potassium is in a medium-sized potato?,NUTRITION_LOOKUP
How much sodium is in a can of diced tomatoes?,NUTRITION_LOOKUP
Can you tell me the nutritional facts for a serving of hummus?,NUTRITION_LOOKUP
What's the caloric value of a chicken breast?,NUTRITION_LOOKUP
How many carbs are in a medium-sized orange?,NUTRITION_LOOKUP
Can you tell me the calorie count of a Big Mac?,NUTRITION_LOOKUP
Can you give me the protein content of turkey breast?,NUTRITION_LOOKUP
How much protein is in a cup of cooked oatmeal?,NUTRITION_LOOKUP
How many calories in a banana?,NUTRITION_LOOKUP
What's the fat content of a tablespoon of olive oil?,NUTRITION_LOOKUP
How many grams of carbs are in a serving of macaroni and cheese?,NUTRITION_LOOKUP
What's the calorie count for a large bagel with cream cheese?,NUTRITION_LOOKUP
What's the iron content of a spinach salad?,NUTRITION_LOOKUP
What's the calorie count of a small serving of almond butter?,NUTRITION_LOOKUP
How many calories are in a serving of edamame?,NUTRITION_LOOKUP
Can you tell me the nutritional info for a plate of grilled salmon?,NUTRITION_LOOKUP
Can you tell me the calorie count of an avocado?,NUTRITION_LOOKUP
What's the fiber content of whole wheat bread?,NUTRITION_LOOKUP
How many calories are in a medium-sized sweet potato?,NUTRITION_LOOKUP
What is the fat content of a large pizza with extra cheese?,NUTRITION_LOOKUP
What is the nutritional information for a cup of oatmeal?,NUTRITION_LOOKUP
How many calories are in a large serving of chili con carne?,NUTRITION_LOOKUP
What's the cholesterol level in lamb chop?,NUTRITION_LOOKUP
What is the salt content of a bag of potato chips?,NUTRITION_LOOKUP
How much fat is in olive oil?,NUTRITION_LOOKUP
What is the iron level in a serving of cooked spinach?,NUTRITION_LOOKUP
What's the cholesterol level of a single egg yolk?,NUTRITION_LOOKUP
Is there any sugar in unsweetened almond milk?,NUTRITION_LOOKUP
What's the calcium content of milk?,NUTRITION_LOOKUP
What's the calorie count for a large burrito?,NUTRITION_LOOKUP
How many grams of sugar are in a banana split?,NUTRITION_LOOKUP
How many calories are in a bowl of spaghetti with meatballs?,NUTRITION_LOOKUP
What's the potassium level in a pear?,NUTRITION_LOOKUP
Can you give me the nutrition info for a plate of spaghetti with meatballs?,NUTRITION_LOOKUP
How many grams of fiber are in a serving of cooked spinach?,NUTRITION_LOOKUP
What is the fat content of a chicken wing?,NUTRITION_LOOKUP
How much sodium is in canned beans?,NUTRITION_LOOKUP
What is the protein content of turkey breast?,NUTRITION_LOOKUP
How much cholesterol is in a slice of cheese pizza?,NUTRITION_LOOKUP
How many calories in a scoop of peanut butter?,NUTRITION_LOOKUP
What's the vitamin A content of sweet potatoes?,NUTRITION_LOOKUP
What's the sugar content of a large apple juice?,NUTRITION_LOOKUP
Is there cholesterol in egg whites?,NUTRITION_LOOKUP
How much fiber is in a serving of oatmeal?,NUTRITION_LOOKUP
How many grams of fat are in a donut?,NUTRITION_LOOKUP
What's the fat content of avocado?,NUTRITION_LOOKUP
What is the caloric value of a large McDonald's fries?,NUTRITION_LOOKUP
How much fat is in almond butter?,NUTRITION_LOOKUP
What's the potassium content of a banana?,NUTRITION_LOOKUP
How much sugar is in a can of energy drink?,NUTRITION_LOOKUP
What's the fiber content in almonds?,NUTRITION_LOOKUP
What's the sugar content of a can of fruit cocktail?,NUTRITION_LOOKUP
How much fat is in a tablespoon of olive oil?,NUTRITION_LOOKUP
How many calories are in a serving of quinoa?,NUTRITION_LOOKUP
Are probiotics beneficial for skin health?,HEALTH_ADVICE
How does a high-fiber diet affect individuals with diverticulitis?,HEALTH_ADVICE
What are the benefits of eating fermented foods for digestive health?,HEALTH_ADVICE
Are there any specific nutrients that can help with wound healing?,HEALTH_ADVICE
Does green tea improve blood circulation?,HEALTH_ADVICE
Can I eat eggs if I have high cholesterol and high triglycerides?,HEALTH_ADVICE
Is keto suitable for someone with a family history of heart disease?,HEALTH_ADVICE
What's the best way to manage irritable bowel syndrome naturally?,HEALTH_ADVICE
Is it safe to eat fermented foods if you have SIBO?,HEALTH_ADVICE
Can you recommend a low-FODMAP diet for managing celiac disease symptoms?,HEALTH_ADVICE
Is there an effective natural treatment for sciatica pain relief?,HEALTH_ADVICE
What are some benefits of eating probiotic-rich foods for gut health?,HEALTH_ADVICE
Is it possible to reverse type 2 diabetes through diet alone?,HEALTH_ADVICE
Should I be taking probiotics for digestive issues?,HEALTH_ADVICE
How can a person with hypothyroidism incorporate more selenium into their diet?,HEALTH_ADVICE
Will a low-FODMAP diet ease symptoms of fibromyalgia?,HEALTH_ADVICE
Is coconut oil good for acne treatment?,HEALTH_ADVICE
Are there any specific nutrients that can help with muscle cramps and spasms?,HEALTH_ADVICE
Are there any specific vitamins that are essential for someone with osteoporosis?,HEALTH_ADVICE
Can omega-3 fatty acids help with depression symptoms?,HEALTH_ADVICE
Can eating more omega-3 rich foods help with anxiety?,HEALTH_ADVICE
Here are 50 diverse health advice questions:,HEALTH_ADVICE
Can omega-3 rich foods help with ADHD management?,HEALTH_ADVICE
Are low-carb diets suitable for type 2 diabetes management?,HEALTH_ADVICE
Can a gluten-free diet improve skin health?,HEALTH_ADVICE
Can I do keto if I'm pregnant or breastfeeding?,HEALTH_ADVICE
Is intermittent fasting suitable for people with anxiety?,HEALTH_ADVICE
What are the benefits of incorporating fermented foods in my diet?,HEALTH_ADVICE
How to manage cravings for unhealthy snacks through dietary changes?,HEALTH_ADVICE
How does a lacto-ovo vegetarian diet impact bone health in older adults?,HEALTH_ADVICE
Will a raw food diet help manage symptoms of ME/CFS?,HEALTH_ADVICE
"Will a gluten-free, dairy-free diet improve multiple sclerosis symptoms?",HEALTH_ADVICE
Will a probiotic-rich diet improve symptoms of SIBO sufferers?,HEALTH_ADVICE
Can the alkaline diet help manage symptoms of kidney stones?,HEALTH_ADVICE
Are there any natural remedies for menstrual cramps?,HEALTH_ADVICE
Is coconut oil good for skin conditions like acne?,HEALTH_ADVICE
Will eating foods rich in vitamin D improve my mood and energy levels?,HEALTH_ADVICE
Should I take omega-3 supplements for heart health?,HEALTH_ADVICE
Can eating fermented foods help with mental health?,HEALTH_ADVICE
What foods can I eat to manage irritable bowel syndrome?,HEALTH_ADVICE
How does intermittent fasting affect blood sugar levels?,HEALTH_ADVICE
Which foods are best avoided when experiencing acid reflux?,HEALTH_ADVICE
Should I limit my intake of saturated fats?,HEALTH_ADVICE
Is turmeric effective in reducing inflammation?,HEALTH_ADVICE
How does acupuncture affect fibromyalgia symptoms?,HEALTH_ADVICE
What are the effects of a low-sodium diet on heart failure patients?,HEALTH_ADVICE
Is it safe to eat foods high in histamine if I have multiple sclerosis?,HEALTH_ADVICE
How does the keto diet impact thyroid function?,HEALTH_ADVICE
Is there any evidence that acupuncture helps with migraines?,HEALTH_ADVICE
Is it safe to consume soy products if you have thyroid issues?,HEALTH_ADVICE
How does omega-3 affect anxiety in patients with fibromyalgia?,HEALTH_ADVICE
What are some low-sodium meal ideas for high blood pressure patients?,HEALTH_ADVICE
Is cinnamon effective in lowering blood sugar?,HEALTH_ADVICE
Is there an effective natural treatment for eczema?,HEALTH_ADVICE
Are omega-3 fatty acids beneficial for heart health?,HEALTH_ADVICE
Are there any specific exercises that can help improve bone density?,HEALTH_ADVICE
Are antioxidants good for preventing cancer?,HEALTH_ADVICE
How to manage stress through dietary changes and supplements?,HEALTH_ADVICE
What are some healthy ways to manage seasonal affective disorder through food?,HEALTH_ADVICE
How does vitamin D affect bone health?,HEALTH_ADVICE
What foods should I avoid if I have irritable bowel syndrome?,HEALTH_ADVICE
What are some healthy fats that can be consumed by someone with high blood pressure?,HEALTH_ADVICE
Are there any benefits to drinking apple cider vinegar daily?,HEALTH_ADVICE
Does a plant-based diet reduce risk of kidney disease?,HEALTH_ADVICE
Are there any specific nutrients that are essential for someone with cystic fibrosis?,HEALTH_ADVICE
What should I eat to improve my heart health after a heart attack?,HEALTH_ADVICE
Are there any specific exercises that can help improve symptoms of multiple sclerosis?,HEALTH_ADVICE
What are some healthy alternatives to sugary drinks?,HEALTH_ADVICE
How does a high-antioxidant diet impact skin health in individuals with acne?,HEALTH_ADVICE
What are some healthy cooking oils for people with high cholesterol?,HEALTH_ADVICE
"Can a gluten-free, dairy-free diet help with eczema management?",HEALTH_ADVICE
Will intermittent fasting cure type 2 diabetes?,HEALTH_ADVICE
Which diet is best for weight loss after menopause?,HEALTH_ADVICE
Will switching to a plant-based diet improve my mental health?,HEALTH_ADVICE
Are low-carb diets beneficial for weight loss in people with insulin resistance?,HEALTH_ADVICE
How does a low-acidity diet affect individuals with gastroesophageal reflux disease (GERD)?,HEALTH_ADVICE
Can I eat nightshade vegetables if I have arthritis?,HEALTH_ADVICE
Are there any specific nutrients that can improve cognitive function in older adults?,HEALTH_ADVICE
Can eating more antioxidants help prevent cell damage?,HEALTH_ADVICE
Should I avoid processed meats if I have cancer concerns?,HEALTH_ADVICE
Is coconut oil good for skin conditions like eczema?,HEALTH_ADVICE
Can Ayurvedic medicine help manage polycystic ovary syndrome?,HEALTH_ADVICE
Can I follow a vegan diet with rheumatoid arthritis?,HEALTH_ADVICE
Are there any specific vitamins or minerals that can alleviate symptoms of adrenal fatigue?,HEALTH_ADVICE
Can cognitive behavioral therapy help manage symptoms of chronic pain?,HEALTH_ADVICE
Will a plant-based diet cure type 2 diabetes?,HEALTH_ADVICE
What are the best foods to eat with celiac disease?,HEALTH_ADVICE
Are there any non-invasive ways to manage chronic pain conditions like osteoarthritis?,HEALTH_ADVICE
Is it safe to follow a low-carb diet if you have type 1 diabetes?,HEALTH_ADVICE
Can exercise reduce symptoms of restless leg syndrome?,HEALTH_ADVICE
What are some natural remedies for seasonal allergies?,HEALTH_ADVICE
Are there any exercises that can help alleviate sciatica pain?,HEALTH_ADVICE
What are some natural remedies to reduce stress and anxiety caused by work-related pressures?,HEALTH_ADVICE
Can acupuncture help alleviate menstrual cramps?,HEALTH_ADVICE
How does a gluten-free diet impact children's health in terms of growth and development?,HEALTH_ADVICE
What are the best exercises for improving insulin sensitivity?,HEALTH_ADVICE
How does a low-carb diet affect blood sugar levels in people with prediabetes?,HEALTH_ADVICE
What are some healthy meal ideas for someone with celiac disease?,HEALTH_ADVICE
How does a low-oxalate diet affect individuals with kidney stones?,HEALTH_ADVICE
Are plant-based diets beneficial for cardiovascular health?,HEALTH_ADVICE
Are low-carb diets safe for type 1 diabetes management?,HEALTH_ADVICE
What are some healthy fats to eat for weight loss?,HEALTH_ADVICE
How does a balanced diet affect mental health?,HEALTH_ADVICE
How can I use essential oils for stress relief during menopause?,HEALTH_ADVICE
What are some signs of nutrient deficiencies in athletes?,HEALTH_ADVICE
Here are 50 diverse health advice-related questions:,HEALTH_ADVICE
Is a raw food diet safe for people with kidney disease?,HEALTH_ADVICE
Is a high-protein diet beneficial for muscle recovery after injury?,HEALTH_ADVICE
What's the best way to manage inflammation in fibromyalgia patients?,HEALTH_ADVICE
How can I use natural supplements like magnesium for muscle cramps?,HEALTH_ADVICE
Is there an effective natural treatment for tinnitus (ringing in the ears)?,HEALTH_ADVICE
How does the DASH diet impact cardiovascular health?,HEALTH_ADVICE
Will a low-sodium diet help with high blood pressure?,HEALTH_ADVICE
Is veganism safe for people with multiple sclerosis?,HEALTH_ADVICE
Can a low-carb diet help with anxiety?,HEALTH_ADVICE
Is it beneficial to follow the DASH diet for people with hypertension?,HEALTH_ADVICE
Can you suggest a healthy meal plan for managing ADHD symptoms?,HEALTH_ADVICE
Should I limit my intake of processed meats?,HEALTH_ADVICE
How does a low-carb diet affect blood sugar levels?,HEALTH_ADVICE
Is the Mediterranean diet beneficial for cardiovascular disease prevention?,HEALTH_ADVICE
Is coconut oil a healthy choice for people with high cholesterol?,HEALTH_ADVICE
Should I follow a low-carb diet with hypothyroidism?,HEALTH_ADVICE
Does a Mediterranean-style diet alleviate symptoms of multiple sclerosis?,HEALTH_ADVICE
Are there any specific nutrients that can help with muscle recovery after exercise?,HEALTH_ADVICE
Can a low-carb diet improve blood sugar control in type 2 diabetes?,HEALTH_ADVICE
How can I manage my cholesterol levels on a vegetarian diet?,HEALTH_ADVICE
Is there any connection between sugar intake and acne development?,HEALTH_ADVICE
How does dairy consumption affect acne-prone skin?,HEALTH_ADVICE
Should I avoid certain foods if I have Hashimoto's disease?,HEALTH_ADVICE
Are there any benefits to drinking green tea daily for overall health?,HEALTH_ADVICE
Should I try acupuncture for chronic back pain relief?,HEALTH_ADVICE
Is the blood type diet supported by scientific evidence?,HEALTH_ADVICE
How does exercise impact mental health in patients with depression?,HEALTH_ADVICE
Should someone with hypoglycemia follow a low-carb lifestyle?,HEALTH_ADVICE
Will a keto diet cure insomnia?,HEALTH_ADVICE
Does ginger have anti-inflammatory properties?,HEALTH_ADVICE
Can I manage polycystic ovary syndrome (PCOS) with lifestyle changes?,HEALTH_ADVICE
What's the best way to manage stress and anxiety for someone with hypertension?,HEALTH_ADVICE
Will drinking turmeric tea improve joint health?,HEALTH_ADVICE
How can I use herbal remedies for stress and anxiety relief?,HEALTH_ADVICE
Is there any connection between gut health and autoimmune diseases?,HEALTH_ADVICE
Are there any specific foods that can help reduce anxiety symptoms?,HEALTH_ADVICE
Can the DASH diet help manage blood pressure in individuals with hypertension?,HEALTH_ADVICE
Should I consider consulting an endocrinologist about my thyroid issues?,HEALTH_ADVICE
Are low-FODMAP foods beneficial for individuals with Crohn's disease?,HEALTH_ADVICE
Is it safe to exercise with chronic back pain?,HEALTH_ADVICE
Can coconut oil improve skin health for acne sufferers?,HEALTH_ADVICE
Can acupuncture alleviate symptoms of fibromyalgia?,HEALTH_ADVICE
Will drinking green tea have any health benefits?,HEALTH_ADVICE
Is it safe to eat spicy foods if you have acid reflux?,HEALTH_ADVICE
Is a balanced diet crucial for preventing osteoporosis?,HEALTH_ADVICE
What are the benefits of eating more whole grains in your diet?,HEALTH_ADVICE
Is it safe to consume caffeine if you have an irregular heartbeat?,HEALTH_ADVICE
How does a paleo diet affect gut health in individuals with IBS?,HEALTH_ADVICE
Can a Mediterranean diet help with PCOS?,HEALTH_ADVICE
How does a Mediterranean-style diet affect cholesterol levels?,HEALTH_ADVICE
Is a gluten-free diet suitable for irritable bowel syndrome?,HEALTH_ADVICE
Will following the Atkins diet help manage blood sugar levels in type 2 diabetes patients?,HEALTH_ADVICE
Can a plant-based diet improve mental clarity?,HEALTH_ADVICE
How can I reduce inflammation with rheumatoid arthritis?,HEALTH_ADVICE
Will intermittent fasting help me lose weight if I have hypothyroidism?,HEALTH_ADVICE
Are there any specific nutrients that can improve skin health?,HEALTH_ADVICE
Should I avoid certain foods if I have a history of heart disease?,HEALTH_ADVICE
Should I avoid soy products if I have hypothyroidism?,HEALTH_ADVICE
What's the best exercise for osteoarthritis patients?,HEALTH_ADVICE
Here are 50 diverse HEALTH ADVICE related questions:,HEALTH_ADVICE
How to incorporate probiotics into my diet for IBS relief?,HEALTH_ADVICE
Can a low-FODMAP diet help with bloating and gas?,HEALTH_ADVICE
What are some healthy alternatives to sugar that can satisfy my sweet tooth?,HEALTH_ADVICE
How does intermittent fasting affect blood sugar control in diabetics?,HEALTH_ADVICE
Is it safe to take turmeric supplements for inflammation?,HEALTH_ADVICE
Are there any specific foods that can help alleviate symptoms of insomnia?,HEALTH_ADVICE
Can a plant-based diet reduce symptoms of irritable bowel syndrome?,HEALTH_ADVICE
What are some healthy ways to cope with stress at work?,HEALTH_ADVICE
How does tai chi affect stress levels in older adults?,HEALTH_ADVICE
What foods can reduce inflammation in rheumatoid arthritis sufferers?,HEALTH_ADVICE
Does a low sugar diet help alleviate symptoms of ADHD?,HEALTH_ADVICE
What are the benefits of eating probiotic-rich foods?,HEALTH_ADVICE
Is it safe to take magnesium supplements while breastfeeding?,HEALTH_ADVICE
Will eating foods rich in antioxidants improve skin health?,HEALTH_ADVICE
Is it safe to follow a high-protein diet if you have kidney problems?,HEALTH_ADVICE
Will a gluten-free diet help with fibromyalgia?,HEALTH_ADVICE
Will drinking coconut water help lower blood pressure?,HEALTH_ADVICE
Can apple cider vinegar cure acid reflux?,HEALTH_ADVICE
What foods should I avoid with high cholesterol?,HEALTH_ADVICE
Is keto good for diabetes?,HEALTH_ADVICE
Are there any specific nutrients that can help alleviate anxiety symptoms caused by food sensitivities?,HEALTH_ADVICE
Should I incorporate more omega-3 rich foods into my diet for heart health?,HEALTH_ADVICE
What's the best way to reduce symptoms of leaky gut syndrome naturally?,HEALTH_ADVICE
Is the alkaline diet beneficial for cancer patients?,HEALTH_ADVICE
Will a low-carb diet help with acne treatments?,HEALTH_ADVICE
Should I take omega-6 supplements if I have inflammatory conditions?,HEALTH_ADVICE
What are some effective ways to manage chronic fatigue syndrome naturally?,HEALTH_ADVICE
What's the best way to manage symptoms of polycystic ovary syndrome (PCOS)?,HEALTH_ADVICE
Should I incorporate fermented foods into my diet to improve gut health?,HEALTH_ADVICE
What's the best way to manage stress-related anxiety through diet?,HEALTH_ADVICE
What foods can reduce stress and anxiety in individuals with anxiety disorders?,HEALTH_ADVICE
How does a low-FODMAP diet impact symptoms of IBS-D patients?,HEALTH_ADVICE
What are the benefits of a low-histamine diet for mast cell disorder patients?,HEALTH_ADVICE
What are some healthy food swaps for someone on a gluten-free diet?,HEALTH_ADVICE
Will a high-protein diet help with muscle growth and recovery?,HEALTH_ADVICE
Is a vegan lifestyle suitable for people with kidney disease?,HEALTH_ADVICE
Can a plant-based diet reverse heart disease?,HEALTH_ADVICE
How can I reduce my intake of processed foods and artificial sweeteners?,HEALTH_ADVICE
Are there any specific stretches that can help alleviate lower back pain?,HEALTH_ADVICE
Will a low-FODMAP diet help with irritable bowel syndrome?,HEALTH_ADVICE
Can someone with ADHD benefit from following a paleo diet?,HEALTH_ADVICE
How can I manage stress through nutrition and lifestyle changes?,HEALTH_ADVICE
Will a calorie-restricted diet slow down cancer growth?,HEALTH_ADVICE
Will a low-histamine diet help improve my allergies and sinus pressure?,HEALTH_ADVICE
Will drinking green tea help lower cholesterol levels?,HEALTH_ADVICE
Is a high-fiber intake essential for preventing constipation?,HEALTH_ADVICE
Is it beneficial to follow the Mediterranean diet for people with psoriasis?,HEALTH_ADVICE
Does coconut water help with kidney function?,HEALTH_ADVICE
What are the benefits of eating organic food for overall health?,HEALTH_ADVICE
What are the best exercises for managing osteoporosis?,HEALTH_ADVICE
Will intermittent fasting improve blood sugar control in type 2 diabetes?,HEALTH_ADVICE
How does a plant-based diet impact thyroid health?,HEALTH_ADVICE
How does a low-carb diet impact blood sugar levels in children with type 1 diabetes?,HEALTH_ADVICE
Can a keto diet reverse Hashimoto's?,HEALTH_ADVICE
"Please note that I've generated these questions based on general health advice and not specific medical expertise. If you're considering implementing any new diets or treatments, please consult with a qualified healthcare professional first!",HEALTH_ADVICE
Can a vegan diet help with rheumatoid arthritis?,HEALTH_ADVICE
What are some natural remedies for migraines?,HEALTH_ADVICE
Will a vegan keto diet help improve my mental clarity and focus?,HEALTH_ADVICE
What foods are best for lowering triglycerides?,HEALTH_ADVICE
Is it beneficial to follow the paleo diet for people with lupus?,HEALTH_ADVICE
Will a gut-friendly diet alleviate symptoms of leaky gut syndrome?,HEALTH_ADVICE
How can I reduce inflammation with my diet?,HEALTH_ADVICE
How does a high-fiber diet impact gut bacteria diversity?,HEALTH_ADVICE
Can a low FODMAP diet alleviate symptoms of IBS?,HEALTH_ADVICE
Can exercise reduce symptoms of chronic back pain?,HEALTH_ADVICE
How does a low-carb diet affect mental clarity and focus?,HEALTH_ADVICE
What are some healthy snacks for someone with high cholesterol?,HEALTH_ADVICE
How does a Mediterranean-style diet impact heart health in individuals over 60?,HEALTH_ADVICE
Is the paleo diet suitable for people with high blood pressure?,HEALTH_ADVICE
How can I improve my gut health on a plant-based diet?,HEALTH_ADVICE
What are some natural remedies to alleviate migraines caused by food sensitivities?,HEALTH_ADVICE
Here are 50 diverse questions related to health advice:,HEALTH_ADVICE
Can I do keto on an empty stomach?,HEALTH_ADVICE
Can a gluten-free diet improve symptoms of chronic fatigue syndrome?,HEALTH_ADVICE
Can you recommend a low-carb diet for managing PCOS symptoms?,HEALTH_ADVICE
What are some natural ways to reduce inflammation in the body related to arthritis?,HEALTH_ADVICE
Is there any connection between gut health and mental clarity?,HEALTH_ADVICE
How can I use food to reduce inflammation in my body?,HEALTH_ADVICE
Should I take omega-3 supplements daily?,HEALTH_ADVICE
Are there any specific nutrients that can help alleviate symptoms of hot flashes in menopause?,HEALTH_ADVICE
Is coconut oil good for digestive health in individuals with Crohn's disease?,HEALTH_ADVICE
What should I eat to lower my blood pressure?,HEALTH_ADVICE
How to manage migraines through dietary changes?,HEALTH_ADVICE
Can I use acupuncture for weight loss and improving overall well-being?,HEALTH_ADVICE
Can a raw food diet improve digestion in individuals with chronic constipation?,HEALTH_ADVICE
Will a vegan lifestyle reduce inflammation in individuals with autoimmune diseases?,HEALTH_ADVICE
Should someone with hypothyroidism follow a vegan lifestyle?,HEALTH_ADVICE
Will eating foods rich in vitamin K help reduce risk of kidney disease?,HEALTH_ADVICE
Is it safe to follow a high-protein diet for extended periods?,HEALTH_ADVICE
Is the Atkins diet suitable for people with high blood pressure?,HEALTH_ADVICE
How does vitamin C affect immune system?,HEALTH_ADVICE
Does omega-3 supplements improve anxiety?,HEALTH_ADVICE
How does a low-sodium diet affect blood pressure in individuals with kidney disease?,HEALTH_ADVICE
Can the Atkins diet help manage symptoms of multiple sclerosis?,HEALTH_ADVICE
Will drinking green tea improve overall health in people with obesity?,HEALTH_ADVICE
What foods help reduce inflammation in the body?,HEALTH_ADVICE
Are probiotics beneficial for digestive issues?,HEALTH_ADVICE
Can an anti-inflammatory diet reduce muscle soreness after exercise?,HEALTH_ADVICE
Will drinking apple cider vinegar improve digestive health?,HEALTH_ADVICE
Is it safe to drink apple cider vinegar daily?,HEALTH_ADVICE
What foods should I eat to boost energy levels?,HEALTH_ADVICE
How can I manage menopause symptoms through nutrition?,HEALTH_ADVICE
Is a vegan lifestyle good for people with high blood pressure?,HEALTH_ADVICE
Is it safe to eat foods high in histamine if I have allergies?,HEALTH_ADVICE
How does a high-protein diet impact muscle mass in older adults?,HEALTH_ADVICE
What are some natural ways to reduce inflammation in the body?,HEALTH_ADVICE
Should I take probiotics for gut health or is food enough?,HEALTH_ADVICE
Can a vegan diet help with eczema?,HEALTH_ADVICE
Is there any evidence that turmeric helps with joint pain?,HEALTH_ADVICE
Can a low-FODMAP diet help manage IBS symptoms?,HEALTH_ADVICE
Can I follow the Whole30 program while pregnant?,HEALTH_ADVICE
Is the Mediterranean diet beneficial for heart health?,HEALTH_ADVICE
Can a gluten free lifestyle help alleviate symptoms of fibromyalgia?,HEALTH_ADVICE
Will a vegan diet reduce inflammation in arthritis?,HEALTH_ADVICE
Here are 50 diverse health advice questions related to specific medical conditions or diets:,HEALTH_ADVICE
Will intermittent fasting improve blood sugar control for diabetics?,HEALTH_ADVICE
Can a low histamine diet alleviate symptoms of migraines?,HEALTH_ADVICE
What are some healthy ways to cope with menopause symptoms?,HEALTH_ADVICE
Is the raw food diet suitable for people with weakened immune systems?,HEALTH_ADVICE
Can I follow the keto diet while pregnant?,HEALTH_ADVICE
"Will a raw food diet improve skin conditions like acne, eczema, and psoriasis?",HEALTH_ADVICE
Will a raw food diet cure digestive issues?,HEALTH_ADVICE
Is a dairy-free diet essential for managing symptoms of lactose intolerance?,HEALTH_ADVICE
How can I use nutrition to support bone health during pregnancy?,HEALTH_ADVICE
Should I take turmeric supplements daily?,HEALTH_ADVICE
How does a Mediterranean-style diet affect cognitive function in older adults?,HEALTH_ADVICE
Is a gluten-free lifestyle beneficial for people with autoimmune diseases?,HEALTH_ADVICE
What are some exercises that can help manage chronic pain conditions like fibromyalgia?,HEALTH_ADVICE
Can I do intermittent fasting on a vegetarian diet?,HEALTH_ADVICE
Will a keto diet improve chronic fatigue syndrome symptoms?,HEALTH_ADVICE
Is coconut oil good for digestive health issues?,HEALTH_ADVICE
Is it safe to take probiotics while breastfeeding?,HEALTH_ADVICE
Is a gluten-free diet suitable for celiac disease?,HEALTH_ADVICE
Are there any benefits to drinking celery juice daily for detoxification?,HEALTH_ADVICE
What are some signs of malnutrition in children?,HEALTH_ADVICE
Is a whole foods diet crucial for preventing kidney stones?,HEALTH_ADVICE
How does a raw food diet affect digestion in older adults?,HEALTH_ADVICE
Can you suggest exercise routines for people with chronic back pain?,HEALTH_ADVICE
Does a high protein diet help manage weight in overweight individuals?,HEALTH_ADVICE
Will eating more turmeric help with joint pain?,HEALTH_ADVICE
Should I try intermittent fasting with hypothyroidism?,HEALTH_ADVICE
Can a plant-based diet help manage symptoms of rheumatoid arthritis?,HEALTH_ADVICE
How can a balanced diet help with anxiety symptoms?,HEALTH_ADVICE
How to reduce inflammation on an autoimmune protocol diet?,HEALTH_ADVICE
Can I eat dairy products if I have high cholesterol and high triglycerides?,HEALTH_ADVICE
What foods can help manage irritable bowel syndrome (IBS) symptoms?,HEALTH_ADVICE
How can I use nutrition to support mental clarity and focus during exams?,HEALTH_ADVICE
Can mind-body therapies like meditation help manage chronic pain?,HEALTH_ADVICE
Are fermented foods beneficial for immune system function?,HEALTH_ADVICE
What are the benefits of eating locally sourced and seasonal produce?,HEALTH_ADVICE
Is a low-carb diet suitable for someone with polycystic ovary syndrome (PCOS)?,HEALTH_ADVICE
Should I incorporate turmeric into my diet for joint health?,HEALTH_ADVICE
How to improve gut health on a paleo diet?,HEALTH_ADVICE
Can gluten-free help with IBS symptoms?,HEALTH_ADVICE
What's best exercise routine for people with osteoporosis?,HEALTH_ADVICE
Can I eat dairy on a low-cholesterol diet if it's from goats or sheep?,HEALTH_ADVICE
Is the Paleo diet beneficial for managing autoimmune diseases?,HEALTH_ADVICE
Are there any food sensitivities that could be exacerbating my migraines?,HEALTH_ADVICE
What's the best diet for managing irritable bowel syndrome?,HEALTH_ADVICE
Is the GAPS diet supported by scientific evidence?,HEALTH_ADVICE
How does a raw food diet affect eye health in older adults?,HEALTH_ADVICE
Can I follow the DASH diet with a gluten intolerance?,HEALTH_ADVICE
Is keto diet suitable for someone with high cholesterol?,HEALTH_ADVICE
Can aromatherapy help alleviate symptoms of migraines?,HEALTH_ADVICE
What are the best ways to stay hydrated while following a restrictive diet?,HEALTH_ADVICE
Is it safe to consume raw eggs if you have a weakened immune system?,HEALTH_ADVICE
Will eating foods rich in fiber improve my digestive health?,HEALTH_ADVICE
How does soy affect thyroid function?,HEALTH_ADVICE
Can a plant-based diet reduce inflammation in the body?,HEALTH_ADVICE
How can someone with celiac disease incorporate more gluten free grains into their diet?,HEALTH_ADVICE
Is gluten-free diet suitable for celiac disease patients?,HEALTH_ADVICE
How does a carnivore diet impact gut health in individuals with IBS?,HEALTH_ADVICE
Should I avoid sugar with acid reflux?,HEALTH_ADVICE
Are there any specific foods that can help alleviate symptoms of restless leg syndrome?,HEALTH_ADVICE
Will a low-carb diet improve psoriasis symptoms?,HEALTH_ADVICE
How does a low-FODMAP diet affect digestive health in individuals with IBS?,HEALTH_ADVICE
Should I avoid certain foods if I have acid reflux?,HEALTH_ADVICE
Can a healthy diet help with ADHD symptoms in children?,HEALTH_ADVICE
Can a dairy-free diet help alleviate symptoms of eczema?,HEALTH_ADVICE
Can stress cause digestive issues in otherwise healthy people?,HEALTH_ADVICE
Can exercise reduce symptoms of chronic fatigue syndrome?,HEALTH_ADVICE
Can you recommend a low-sodium diet for managing kidney disease symptoms?,HEALTH_ADVICE
Can I eat gluten-free if I'm not celiac?,HEALTH_ADVICE
Can a low-glycemic index diet help with weight loss and blood sugar control?,HEALTH_ADVICE
Is it safe to combine conventional medicine with acupuncture and herbal remedies?,HEALTH_ADVICE
Will a raw food diet improve skin condition for someone with eczema?,HEALTH_ADVICE
How to incorporate omega-3 rich foods into my diet?,HEALTH_ADVICE
Can a mindfulness-based approach help alleviate symptoms of anxiety and depression?,HEALTH_ADVICE
How does gluten affect arthritis symptoms?,HEALTH_ADVICE
How can I improve my mental clarity through nutrition and lifestyle changes?,HEALTH_ADVICE
What are the best foods for managing anxiety symptoms?,HEALTH_ADVICE
What is the best way to manage stress eating habits?,HEALTH_ADVICE
Will a raw food diet help manage symptoms of eczema?,HEALTH_ADVICE
Can I manage anxiety with meditation and yoga?,HEALTH_ADVICE
Can the paleo diet improve energy levels in individuals with chronic fatigue syndrome?,HEALTH_ADVICE
Should I take omega-3 supplements if I have heart failure?,HEALTH_ADVICE
Will a gluten-free diet help with irritable bowel syndrome?,HEALTH_ADVICE
What's the best way to manage polycystic ovary syndrome (PCOS) through diet?,HEALTH_ADVICE
What are some healthy ways to manage PCOS symptoms through food?,HEALTH_ADVICE
Can a ketogenic diet help with epilepsy management?,HEALTH_ADVICE
Are there any herbal remedies that can alleviate symptoms of depression?,HEALTH_ADVICE
Should I use aromatherapy for stress relief if I have asthma?,HEALTH_ADVICE
Can eating more fiber help with weight loss?,HEALTH_ADVICE
How can I reduce inflammation in my body naturally?,HEALTH_ADVICE
Should I consider consulting a registered dietitian about my digestive issues?,HEALTH_ADVICE
Should I take probiotics for acid reflux relief?,HEALTH_ADVICE
How can I incorporate more fermented foods into my diet for gut health?,HEALTH_ADVICE
Are antioxidants effective in preventing chronic diseases?,HEALTH_ADVICE
Should someone with ulcerative colitis try a low-FODMAP diet?,HEALTH_ADVICE
What are some effective ways to manage menopause hot flashes naturally?,HEALTH_ADVICE
How does a Mediterranean-style diet impact heart health in women over 50?,HEALTH_ADVICE
Can I follow a vegan lifestyle with rheumatoid arthritis?,HEALTH_ADVICE
What foods should I avoid if I have diverticulitis?,HEALTH_ADVICE
What are some healthy ways to manage menopause symptoms through food?,HEALTH_ADVICE
Is the 80/20 diet beneficial for weight loss and maintenance?,HEALTH_ADVICE
Can you recommend a meal plan for managing rheumatoid arthritis symptoms?,HEALTH_ADVICE
How does pescatarianism affect blood pressure in older adults?,HEALTH_ADVICE
How can someone with polycystic ovary syndrome (PCOS) manage their weight through diet?,HEALTH_ADVICE
How can I improve my sleep quality through nutrition?,HEALTH_ADVICE
Can a balanced diet help with fibromyalgia symptoms?,HEALTH_ADVICE
Will a high-fiber diet help manage symptoms of diverticulitis?,HEALTH_ADVICE
Are there any benefits to taking probiotics for digestive issues?,HEALTH_ADVICE
Can a low-histamine diet help with allergies and intolerances?,HEALTH_ADVICE
Will eating fermented foods improve my gut health?,HEALTH_ADVICE
Can a raw food diet improve skin conditions like acne and psoriasis?,HEALTH_ADVICE
How can I incorporate more omega 3 rich foods into my diet for heart health?,HEALTH_ADVICE
How can I use herbal supplements to support immune function?,HEALTH_ADVICE
What are some healthy ways to manage insomnia through food and sleep habits?,HEALTH_ADVICE
Are probiotics beneficial for digestive health?,HEALTH_ADVICE
Can I alleviate seasonal affective disorder (SAD) symptoms with light therapy and dietary changes?,HEALTH_ADVICE
Will a dairy-free diet help improve my skin clarity and reduce acne?,HEALTH_ADVICE
What are some healthy snack options for high blood pressure?,HEALTH_ADVICE
What's the best way to manage stress and anxiety for someone with PTSD?,HEALTH_ADVICE
Is the alkaline diet beneficial for cancer prevention?,HEALTH_ADVICE
How can I use heat or cold therapy for muscle pain relief?,HEALTH_ADVICE
Does green tea improve cognitive function?,HEALTH_ADVICE
Should I incorporate apple cider vinegar into my diet for digestion?,HEALTH_ADVICE
Can you recommend supplements for improving gut health?,HEALTH_ADVICE
Is it safe to take turmeric while pregnant?,HEALTH_ADVICE
Should I be concerned about pesticide exposure in produce?,HEALTH_ADVICE
Should I avoid dairy with eczema?,HEALTH_ADVICE
Can a raw food diet improve skin health?,HEALTH_ADVICE
Can a vegan lifestyle help with menopause symptoms?,HEALTH_ADVICE
Should I try meditation for stress management and anxiety relief?,HEALTH_ADVICE
Is it safe to eat foods high in lectins if I have autoimmune disorders?,HEALTH_ADVICE
Will a Mediterranean-style diet help reduce my risk of developing heart disease?,HEALTH_ADVICE
Will gluten free bread help alleviate symptoms of irritable bowel syndrome?,HEALTH_ADVICE
What's a suitable diet for someone with Crohn's disease?,HEALTH_ADVICE
"Can a gluten-free, sugar-free diet help manage symptoms of fibromyalgia?",HEALTH_ADVICE
Can you suggest meal plans for managing Crohn's disease or ulcerative colitis?,HEALTH_ADVICE
Are there any natural remedies for migraine relief?,HEALTH_ADVICE
Are there any foods that can help alleviate symptoms of IBS during pregnancy?,HEALTH_ADVICE
Is it safe to take fish oil supplements while pregnant?,HEALTH_ADVICE
How does the Mediterranean diet impact heart health?,HEALTH_ADVICE
Will a whole food-based diet improve symptoms of irritable bowel syndrome?,HEALTH_ADVICE
How to incorporate adaptogenic herbs into my diet?,HEALTH_ADVICE
Is the Ornish diet beneficial for cardiovascular disease prevention?,HEALTH_ADVICE
Can a vegan diet help with weight loss?,HEALTH_ADVICE
Is coconut water good for hydration during exercise?,HEALTH_ADVICE
Are there any benefits to taking turmeric supplements for inflammation reduction?,HEALTH_ADVICE
What foods can help alleviate symptoms of eczema?,HEALTH_ADVICE
What are some natural ways to lower cortisol levels?,HEALTH_ADVICE
Are there any benefits to eating a raw food diet?,HEALTH_ADVICE
Should I avoid spicy food if I have acid reflux?,HEALTH_ADVICE
What are the benefits of a macrobiotic diet for cancer survivors?,HEALTH_ADVICE
What are the effects of a low-acid diet on stomach ulcers patients?,HEALTH_ADVICE
Can you suggest a healthy snack plan for managing energy levels throughout the day?,HEALTH_ADVICE
Are plant-based milks beneficial for lactose intolerant individuals?,HEALTH_ADVICE
Will a paleo diet help improve my skin health?,HEALTH_ADVICE
Can I follow the Mediterranean diet with a seafood allergy?,HEALTH_ADVICE
Will eating foods rich in omega-3s improve my heart health?,HEALTH_ADVICE
What's the best way to manage blood sugar spikes after meals?,HEALTH_ADVICE
Will a high-fiber diet help with constipation relief?,HEALTH_ADVICE
Can a low-sodium diet help with kidney stone prevention?,HEALTH_ADVICE
Is it safe to eat nightshade vegetables if I have arthritis?,HEALTH_ADVICE
What are the benefits of turmeric for joint pain relief?,HEALTH_ADVICE
What are some healthy snack options for diabetics?,HEALTH_ADVICE
Will eating foods rich in antioxidants improve my eye health?,HEALTH_ADVICE
Will a low-sodium diet help with water retention?,HEALTH_ADVICE
Can probiotics help with lactose intolerance?,HEALTH_ADVICE
What foods should I avoid eating if I have irritable bowel syndrome?,HEALTH_ADVICE
Can I eat dairy products if I have lactose intolerance?,HEALTH_ADVICE
Is apple cider vinegar good for digestive issues?,HEALTH_ADVICE
Can a plant-based diet reduce symptoms of migraines?,HEALTH_ADVICE
Is a gluten-free diet beneficial for people with IBS?,HEALTH_ADVICE
Can I follow the Alkaline Diet with a kidney stone history?,HEALTH_ADVICE
Should I be concerned about mercury levels in fish consumption?,HEALTH_ADVICE
Is it safe to consume coconut oil if you have high cholesterol?,HEALTH_ADVICE
Will eating foods high in vitamin C improve immune function?,HEALTH_ADVICE
Can a raw food diet improve symptoms of autism spectrum disorder?,HEALTH_ADVICE
What are some healthy alternatives to sugary drinks for someone with type 2 diabetes?,HEALTH_ADVICE
Is ghee good for gut health?,HEALTH_ADVICE
What are some healthy snack options for someone with high blood pressure?,HEALTH_ADVICE
Is it safe to eat processed foods with a history of stomach ulcers?,HEALTH_ADVICE
Will a ketogenic diet help reduce seizures in epilepsy patients?,HEALTH_ADVICE
How can I manage symptoms of irritable bowel syndrome?,HEALTH_ADVICE
Is turmeric good for joint health?,HEALTH_ADVICE
Can a balanced diet help with PCOS symptoms in women?,HEALTH_ADVICE
Is it safe to follow a low-carb diet if you're physically active?,HEALTH_ADVICE
Can veganism help manage symptoms of irritable bowel syndrome?,HEALTH_ADVICE
How can I use nutrition to support cancer treatment recovery?,HEALTH_ADVICE
How does a low-carb lifestyle affect kidney function?,HEALTH_ADVICE
Is it safe to combine herbal remedies with conventional medicine?,HEALTH_ADVICE
What are the best foods for managing type 2 diabetes?,HEALTH_ADVICE
Will a Mediterranean-style diet help with weight loss after 40?,HEALTH_ADVICE
Should I avoid nightshades if I have rheumatoid arthritis?,HEALTH_ADVICE
Should I avoid dairy if I have acne?,HEALTH_ADVICE
How can a healthy diet help with insomnia symptoms?,HEALTH_ADVICE
Can I eat dark chocolate on a low-sugar diet?,HEALTH_ADVICE
Can I eat processed foods on an anti-inflammatory diet?,HEALTH_ADVICE
Are there any specific exercises good for osteoarthritis?,HEALTH_ADVICE
Are low-glycemic diets beneficial for type 2 diabetes management?,HEALTH_ADVICE
Is it possible to manage chronic fatigue syndrome through dietary changes?,HEALTH_ADVICE
Can you recommend any supplements for improving gut health?,HEALTH_ADVICE
How does a low-carb diet affect kidney function?,HEALTH_ADVICE
Should I avoid certain foods if I have kidney disease?,HEALTH_ADVICE
What are the benefits of mindfulness meditation on stress reduction?,HEALTH_ADVICE
Are there any foods that can help alleviate symptoms of seasonal allergies?,HEALTH_ADVICE
Is there an effective natural treatment for migraines?,HEALTH_ADVICE
Can I eat beans on a low-FODMAP diet?,HEALTH_ADVICE
How does a gluten-free diet affect blood sugar levels?,HEALTH_ADVICE
What are some healthy cooking methods for cancer prevention?,HEALTH_ADVICE
Can I eat eggs on a low-cholesterol diet?,HEALTH_ADVICE
Here are 50 diverse questions where a user is asking for health advice related to a specific medical condition or diet:,HEALTH_ADVICE
What's the best way to reduce symptoms of Hashimoto's disease naturally?,HEALTH_ADVICE
How can someone with thyroid disease incorporate more iodine into their diet?,HEALTH_ADVICE
Will eating fermented vegetables help with digestive issues in IBS patients?,HEALTH_ADVICE
Are there any specific exercises that can alleviate menopause symptoms?,HEALTH_ADVICE
Are there any supplements that can help with adrenal fatigue?,HEALTH_ADVICE
Are there any specific nutrients that can help alleviate symptoms of depression caused by food sensitivities?,HEALTH_ADVICE
How does a plant-based diet affect high cholesterol levels?,HEALTH_ADVICE
Can a Paleo-style diet help alleviate autoimmune disease symptoms?,HEALTH_ADVICE
Is there an effective natural treatment for insomnia?,HEALTH_ADVICE
Will quitting smoking improve respiratory health in COPD patients?,HEALTH_ADVICE
Should I avoid certain foods on an elimination diet?,HEALTH_ADVICE
Does the keto diet work for type 2 diabetes management?,HEALTH_ADVICE
What foods can help reduce inflammation in the body for someone with multiple sclerosis?,HEALTH_ADVICE
Is there a link between sugar intake and depression?,HEALTH_ADVICE
Can a gluten-free diet help with psoriasis?,HEALTH_ADVICE
Will following a low-carb diet improve my energy levels?,HEALTH_ADVICE
What are the benefits of incorporating omega-3 fatty acids into my diet?,HEALTH_ADVICE
Will a juice cleanse improve liver function in individuals with fatty liver disease?,HEALTH_ADVICE
Will eating foods rich in vitamin D help reduce risk of osteoporosis?,HEALTH_ADVICE
Is it safe to follow a raw food diet while pregnant?,HEALTH_ADVICE
Is intermittent fasting beneficial for weight loss and insulin sensitivity?,HEALTH_ADVICE
Should I consider a low-FODMAP diet for bloating issues?,HEALTH_ADVICE
Can I eat dairy if I have lactose intolerance and want to lose weight?,HEALTH_ADVICE
Is it safe to go on an intermittent fasting plan with hypothyroidism?,HEALTH_ADVICE
How can I manage migraines with a vegan diet?,HEALTH_ADVICE
Is a raw food diet suitable for people with weakened immune systems?,HEALTH_ADVICE
Is gluten-free necessary for everyone with digestive issues?,HEALTH_ADVICE
Can you recommend a meal plan for managing lupus symptoms?,HEALTH_ADVICE
What's the best way to manage fatigue in people with fibromyalgia?,HEALTH_ADVICE
Are there any specific foods that can help reduce risk of heart disease?,HEALTH_ADVICE
Should I take vitamin D supplements during winter months?,HEALTH_ADVICE
Is it possible to reverse type 2 diabetes through dietary changes?,HEALTH_ADVICE
Are there any specific nutrients that can improve symptoms of anxiety and depression?,HEALTH_ADVICE
Will a vegan diet improve my risk of developing type 2 diabetes?,HEALTH_ADVICE
Can the MIND diet help reduce the risk of dementia in older adults?,HEALTH_ADVICE
What foods are rich in antioxidants and how can they benefit my overall health?,HEALTH_ADVICE
How does magnesium affect sleep quality?,HEALTH_ADVICE
What are some natural remedies for muscle soreness?,HEALTH_ADVICE
Is the 5:2 diet safe for people with hypoglycemia?,HEALTH_ADVICE
What are the benefits of infrared sauna therapy on inflammation reduction?,HEALTH_ADVICE
How can I use aromatherapy for pain relief and relaxation?,HEALTH_ADVICE
Are there any specific vitamins or supplements that can help with anxiety?,HEALTH_ADVICE
Can you recommend supplements for improving eye health?,HEALTH_ADVICE
Does a low carb diet help manage blood sugar levels in type 2 diabetes patients?,HEALTH_ADVICE
Is the DASH diet good for managing high blood pressure?,HEALTH_ADVICE
Can you recommend exercise routines for improving bone density?,HEALTH_ADVICE
Can you suggest a healthy breakfast plan for managing blood sugar levels?,HEALTH_ADVICE
Does regular exercise improve symptoms in chronic fatigue syndrome?,HEALTH_ADVICE
What are some natural ways to reduce blood sugar levels?,HEALTH_ADVICE
Is there a connection between gut health and autoimmune diseases?,HEALTH_ADVICE
Is it possible to follow a vegan diet while pregnant or breastfeeding?,HEALTH_ADVICE
Is it safe to eat raw eggs if you have a compromised immune system?,HEALTH_ADVICE
Is it safe to consume fermented foods if you have leaky gut syndrome?,HEALTH_ADVICE
What foods should I eat to reduce inflammation?,HEALTH_ADVICE
Should I follow a 16:8 diet for weight loss?,HEALTH_ADVICE
What are some healthy fats for someone with high triglycerides?,HEALTH_ADVICE
How can I improve my sleep quality through diet and exercise?,HEALTH_ADVICE
Will a low-fat diet help with weight loss and heart health?,HEALTH_ADVICE
Is intermittent fasting beneficial for weight loss?,HEALTH_ADVICE
What are some foods that can help with histamine intolerance?,HEALTH_ADVICE
Will going vegan reduce my risk of cancer?,HEALTH_ADVICE
Is it possible to cure celiac disease with a specific diet?,HEALTH_ADVICE
Should I take probiotics for gut health if I have inflammatory bowel disease?,HEALTH_ADVICE
What's the best way to manage blood pressure naturally?,HEALTH_ADVICE
How can I manage hormonal imbalances through nutrition?,HEALTH_ADVICE
Is there any evidence that probiotics help with seasonal allergies?,HEALTH_ADVICE
How does a paleo diet affect weight loss in individuals with metabolic syndrome?,HEALTH_ADVICE
Does a high fiber diet help manage blood sugar levels in type 2 diabetes patients?,HEALTH_ADVICE
Can a vegan diet improve blood pressure?,HEALTH_ADVICE
Can I alleviate migraines with dietary changes alone?,HEALTH_ADVICE
What are some healthy ways to manage stress at work?,HEALTH_ADVICE
Can a gluten-free diet help with digestive issues?,HEALTH_ADVICE
Are there any food allergies that could be contributing to my fatigue?,HEALTH_ADVICE
How does a balanced gut microbiome impact mental health in seniors?,HEALTH_ADVICE
Can a low carbohydrate diet alleviate symptoms of epilepsy?,HEALTH_ADVICE
How can I incorporate more omega-3 fatty acids into my diet?,HEALTH_ADVICE
Is it safe to exercise with type 2 diabetes?,HEALTH_ADVICE
Can you suggest meal plans for managing polycystic ovary syndrome (PCOS)?,HEALTH_ADVICE
What are the best foods for managing asthma symptoms?,HEALTH_ADVICE
Are there any risks associated with following a carnivore diet?,HEALTH_ADVICE
Are there any specific exercises that can help improve symptoms of fibromyalgia?,HEALTH_ADVICE
What are the best ways to manage stress through food choices?,HEALTH_ADVICE
Can a Paleo diet cure autoimmune diseases?,HEALTH_ADVICE
Is a ketogenic diet suitable for people with liver disease?,HEALTH_ADVICE
How does a high-fiber diet impact heart health in individuals with high blood pressure?,HEALTH_ADVICE
How can I manage my stress levels through nutrition?,HEALTH_ADVICE
Is it safe to eat fermented dairy products if I have lactose intolerance?,HEALTH_ADVICE
How does a low-histamine diet affect individuals with mast cell activation syndrome?,HEALTH_ADVICE
What are the best foods to eat for migraines?,HEALTH_ADVICE
Can veganism help with high cholesterol?,HEALTH_ADVICE
How does a low-FODMAP diet impact symptoms of IBS?,HEALTH_ADVICE
Will drinking more water improve my overall health?,HEALTH_ADVICE
Are there any food additives that could be exacerbating my IBS symptoms?,HEALTH_ADVICE
Can a ketogenic diet help alleviate symptoms of multiple sclerosis?,HEALTH_ADVICE
Is gluten-free diet beneficial for celiac patients?,HEALTH_ADVICE
Should I be concerned about heavy metal exposure in seafood?,HEALTH_ADVICE
Should I avoid caffeine if I have anxiety disorders?,HEALTH_ADVICE
Can you recommend foods to reduce inflammation in arthritis?,HEALTH_ADVICE
Does a low histamine diet alleviate symptoms of migraines?,HEALTH_ADVICE
Will eating more whole grains improve digestive health?,HEALTH_ADVICE
Will a low- histamine diet help with allergies and asthma symptoms?,HEALTH_ADVICE
How does a plant-based diet affect hormone levels in women?,HEALTH_ADVICE
What are the benefits of eating more leafy greens in your diet?,HEALTH_ADVICE
How can I reduce my risk of osteoporosis through nutrition?,HEALTH_ADVICE
Here are 50 diverse health advice related questions:,HEALTH_ADVICE
What foods can help manage irritable bowel syndrome symptoms?,HEALTH_ADVICE
Can you suggest a meal plan for managing fibromyalgia symptoms?,HEALTH_ADVICE
Can meditation reduce symptoms of chronic pain?,HEALTH_ADVICE
Are there any specific exercises that can help manage symptoms of post-traumatic stress disorder (PTSD)?,HEALTH_ADVICE
Can I follow the paleo diet with a gluten intolerance?,HEALTH_ADVICE
How much fat is in walnuts and will they help lower cholesterol?,BOTH
"What's the cholesterol level in eggs, and are they good or bad for heart health?",BOTH
How many carbs are in a slice of whole grain bread and will it help with weight loss?,BOTH
Give me the calcium content in milk and advise on its use for bone health,BOTH
"What's the fat content of walnuts, and are they good for heart health?",BOTH
Give me the iron content in lentils and tell me if they're beneficial for anemic individuals,BOTH
Tell me the carb count of whole wheat bread and can it be part of a diabetic's meal plan,BOTH
Give me the protein amount in chicken breast and if it helps with weight loss,BOTH
"How much fiber is in broccoli, and can I eat it to lower my cholesterol?",BOTH
"Give me the fiber count of broccoli, and tell me if it helps lower cholesterol?",BOTH
What's the vitamin C content in oranges and can it help alleviate scurvy symptoms?,BOTH
Tell me the protein content of Greek yogurt and recommend it to someone with digestive issues,BOTH
"Give me the vitamin C content of strawberries, and are they good for immune system?",BOTH
"Give me the fat content of olive oil, and tell me if it's suitable for a low-fat diet",BOTH
"How much protein is in chickpeas, and should I eat them daily to build muscle?",BOTH
Provide the protein content in Greek yogurt and tell me if it helps with muscle recovery,BOTH
Give me the protein content of eggs and can they help build muscle mass?,BOTH
Can I eat oatmeal for breakfast and how many calories does it have?,BOTH
Here are 50 diverse questions:,BOTH
Give me the protein content of Greek yogurt and can it help build muscle mass?,BOTH
What's the fat content of coconut oil and will it raise my cholesterol?,BOTH
What's the sugar content in maple syrup and can it cause tooth decay?,BOTH
"Give me the fiber content of apples, and tell me if they help with digestive health",BOTH
How many carbs are in white rice and should a person with high blood sugar avoid eating it?,BOTH
"What's the sugar content of grapefruit, and can it help with weight loss?",BOTH
How many calories are in a serving of brown rice and is it suitable for weight loss?,BOTH
"Give me the calorie count of a cup of cooked oatmeal, and tell me if it helps lower cholesterol",BOTH
Give me the iron content of beef and should I consume it to prevent anemia?,BOTH
"Give me the calorie count of sweet potato fries, and are they suitable for weight loss diets?",BOTH
"What's the fiber content of an apple, and will it help with digestion?",BOTH
Can you give me the sodium in soy sauce and recommend daily limit,BOTH
How many carbs are in brown rice and can it cause weight gain?,BOTH
Give me the protein in turkey breast and recommend daily intake for athletes,BOTH
Can you give me the calorie count of a large turkey breast and is it suitable for weight loss diets?,BOTH
What's the fat content in almonds and will they help lower cholesterol?,BOTH
Give me the fiber content in broccoli and tell me if it helps lower blood pressure,BOTH
Can I drink orange juice for its vitamin C content and how many calories does it have?,BOTH
Give me the sugar in agave nectar and advise on using it for baking,BOTH
"Give me the potassium content of bananas, and does it have any benefits for heart health?",BOTH
Tell me the fat percentage of avocado and will it help lower cholesterol levels?,BOTH
Give me the vitamin C content of oranges and can they help with scurvy?,BOTH
"What's the iron in oysters, and will it help reduce fatigue?",BOTH
Give me the calorie count of a large serving of popcorn and can I eat it at the movies?,BOTH
"What's the calorie count of brown rice, and can I eat it to improve my heart health?",BOTH
Can I drink coconut water for its electrolyte content and how many calories does it have?,BOTH
Provide the protein in eggs and tell me if they're a good source for athletes,BOTH
"Can you tell me the calorie count of an apple, and should I eat it for breakfast while trying to lose weight?",BOTH
Tell me the sodium content in processed meats and how it affects blood pressure,BOTH
"How many grams of sugar are in a glass of apple juice, and is it safe to drink daily?",BOTH
"How many calories are in a large serving of french fries, and should I limit my intake if I'm trying to lose weight?",BOTH
What's the vitamin C content in oranges per medium-sized fruit and are they good for immune system boost?,BOTH
"What's the protein content of Greek yogurt, and can I use it as a snack to build muscle?",BOTH
"Can you tell me how many calories are in a medium-sized avocado, and do they help with digestion?",BOTH
"Give me the iron level in turkey, and can I take supplements if I'm anemic?",BOTH
What's the vitamin E count of almonds and can I use them as a natural remedy for skin issues?,BOTH
"How much protein is in an egg white, and does it help with muscle recovery after exercise?",BOTH
"How many calories are in a large serving of quinoa, and should I be eating that as part of my diet?",BOTH
"How much caffeine is in a cup of green tea, and can it interact with certain medications?",BOTH
Give me the vitamin D count of cod liver oil and tell me if it's good for bone health,BOTH
Tell me the fiber content in sweet potatoes and if they aid in digestion,BOTH
How much fiber is in oatmeal and will it lower cholesterol levels?,BOTH
"Can you tell me the sodium content of salted nuts, and should I limit my intake on a low-sodium diet?",BOTH
Give me the potassium content in avocados and tell me if they're suitable for athletes,BOTH
"Tell me the potassium content of coconut water, and is it good for hydration?",BOTH
What's the potassium level in bananas and should I eat them regularly?,BOTH
"Can you tell me the sodium content of chicken broth, and should I use low-sodium options when watching salt intake?",BOTH
"Give me the calorie count of pita bread, and are they suitable for weight loss diets?",BOTH
What's the calorie count of a large pizza and can it lead to weight gain?,BOTH
How much sugar is in a box of cereal and will regular consumption contribute to weight gain?,BOTH
How many calories are in a slice of pizza and can I eat it on a low-carb diet again?,BOTH
"How many grams of caffeine are in a cup of coffee, and can it interact with certain medications?",BOTH
What's the fiber level in oats and do you recommend eating them daily?,BOTH
Give me the calorie count of a large pizza and should I eat it on a diet?,BOTH
"What's the fat percentage in avocado, and is it safe to consume during pregnancy?",BOTH
Provide the calorie count for a large bowl of soup and advise on portion control,BOTH
"What's the fiber content of broccoli, and can it lower cholesterol levels?",BOTH
What's the sugar content of pineapple juice and can I drink it on a low-sugar diet?,BOTH
"Can you give me the fiber content of oatmeal, and can it lower cholesterol levels?",BOTH
How much iron is in spinach and tell me if it prevents anemia,BOTH
Here are 50 diverse questions where a user asks for both nutritional numbers AND health advice:,BOTH
"Give me the potassium content of bananas, and can they help with blood pressure management?",BOTH
"Give me the sodium content of chicken broth, and should I use it sparingly?",BOTH
What's the fiber level in carrots and do you recommend eating them daily?,BOTH
How much protein is in a serving of tofu and will it help build muscle?,BOTH
How much magnesium is in spinach and can it help with muscle cramps?,BOTH
Give me the calorie count of a large pizza and advise on portion control for weight loss,BOTH
"How much sugar is in a can of energy drink, and should I avoid drinking it at all costs?",BOTH
"How many grams of carbs are in a slice of whole wheat bread, and is it suitable for a low-carb diet?",BOTH
What's the calcium count of milk and can I drink more to help with osteoporosis?,BOTH
"What's the vitamin D level in fatty fish, and can I take supplements if I'm deficient?",BOTH
Tell me the protein content of turkey breast and does it support muscle growth,BOTH
"Tell me the vitamin E content of almonds, and will it help with skin health?",BOTH
Give me the potassium content of sweet potatoes and should I consume them as athletes,BOTH
What's the sodium level in processed meats and should I limit my intake?,BOTH
"How much sugar is in apple juice, and can it cause blood pressure issues?",BOTH
Give me the sodium content of soy sauce and tell me if it's bad for high blood pressure,BOTH
"Give me the potassium content of sweet potatoes, and can they help with blood pressure management?",BOTH
"How much calcium is in milk, and can it prevent osteoporosis?",BOTH
What's the vitamin A level in sweet potatoes and does it aid vision health?,BOTH
Tell me the potassium content in leafy greens and its effects on heart health,BOTH
How many calories are in a large serving of fries and should they be avoided by diabetics?,BOTH
"What's the vitamin B12 level in fish, and can I take supplements if I'm deficient?",BOTH
Give me the iron content in spinach and if it helps with anemia symptoms,BOTH
Can you give me the fat content in olive oil and should I use it for cooking if I'm trying to lose belly fat?,BOTH
What's the fiber content of broccoli and tell it if it prevents constipation,BOTH
What's the sugar content of dates and can I eat them on a low-sugar diet?,BOTH
"Give me the sodium content of canned beans, and is it suitable for people with high blood pressure?",BOTH
How many calories are in a slice of cheesecake and can I eat it on a low-fat diet?,BOTH
Tell me the vitamin A content of carrots and does it support eye health,BOTH
How much fiber is in whole wheat bread and will it improve digestion?,BOTH
"How much caffeine is in green tea, and can it improve mental focus?",BOTH
Tell me the potassium level in avocados and if it helps lower blood pressure,BOTH
Tell me the iron content in beef per serving and will it help with anemia treatment?,BOTH
"What's the vitamin D content of salmon, and does it help with bone health?",BOTH
"What's the calorie count of a serving of brown rice, and can it help with irritable bowel syndrome?",BOTH
What's the calorie count of a large steak and should I eat it on a diet?,BOTH
How many calories are in an avocado and can I eat it on a low-carb diet?,BOTH
Tell me the cholesterol content of eggs and should I limit my intake due to high levels,BOTH
Give me the carb count of white rice and should I limit my intake due to type 2 diabetes?,BOTH
How many grams of carbs are in a slice of whole wheat bread and will regular consumption help with weight loss?,BOTH
Tell me the sodium content in canned soups and how it affects blood pressure,BOTH
How much sodium is in pickles and do they contribute to hypertension?,BOTH
Can you give me the iron in cooked lentils and tell me if they prevent anemia?,BOTH
What's the potassium count of sweet potatoes and can they help alleviate muscle cramps?,BOTH
How much fiber is in quinoa per cup and can it help with digestive issues?,BOTH
"Give me the fat content of coconut oil, and is it safe to cook with every day?",BOTH
"Can you give me the fiber content of almonds, and can I get too much from them?",BOTH
How many calories are in a large egg omelette and is it suitable for weight loss?,BOTH
"What's the fiber content of broccoli, and can I use it to lower my cholesterol?",BOTH
Provide the iron content in lentils and advise on iron deficiency anemia,BOTH
"Give me the omega-3 content of flaxseeds, and do they help reduce inflammation in my body?",BOTH
Give me the sugar content in coconut water and advise on its use as a post-workout beverage,BOTH
Tell me the protein in turkey breast and its benefits for weight loss,BOTH
"How many calories does a large serving of falafel have, and can I eat it on a low-calorie diet?",BOTH
Give me the magnesium content of dark chocolate and can it help with sleep?,BOTH
How many calories are in a large bagel and should it be avoided by diabetics?,BOTH
Tell me the fiber amount in brown rice and if it aids in digestion,BOTH
Give me the fiber content of broccoli and tell me if it helps with digestion issues,BOTH
"What's the vitamin D count of fortified cereals, and can I get enough from sunlight or supplements?",BOTH
What's the fat percentage of cashews and can I eat them as a snack?,BOTH
What's the calorie count of a large burger and can it lead to weight gain?,BOTH
Tell me the sugar content of honey and will regular consumption contribute to weight gain?,BOTH
"What's the calcium level in tofu, and is it suitable for people with osteoporosis?",BOTH
Give me the calorie count of a medium avocado and will it help lower my bad cholesterol levels?,BOTH
Tell me the fat content of tuna and recommend it to someone with heart disease,BOTH
Here are 50 diverse questions where a user is asking for BOTH nutritional numbers AND health advice:,BOTH
"How much sodium is in canned tuna, and can it cause high blood pressure issues?",BOTH
"Give me the sodium content of soy sauce, and is it okay to use it when watching salt intake?",BOTH
Here are 50 diverse questions where a user is asking for BOTH nutritional numbers AND health advice in the same question:,BOTH
What are the nutritional benefits of green tea and how many cups should I drink per day?,BOTH
"What's the calorie count of lean beef, and is it suitable for a low-carb diet?",BOTH
"Give me the vitamin A content of sweet potatoes, and are they good for eye health?",BOTH
What's the fat content of olive oil and will it raise my cholesterol?,BOTH
"What are the health benefits of eating dark chocolate, and how much should I eat per day?",BOTH
"Tell me how many calories are in a serving of Greek yogurt, and is it good for weight loss diets?",BOTH
How many calories are in a serving of quinoa and is it good for weight loss?,BOTH
"Can you tell me how many calories are in a serving of quinoa, and is it good for weight loss diets?",BOTH
Give me the vitamin B12 level in fish and tell me if it helps with energy production,BOTH
What's the sugar content in a can of soda and can it cause tooth decay?,BOTH
Provide the iron content in beef and advise on iron deficiency anemia,BOTH
"Can you give me the iron content of lentils, and do I need more as a vegan athlete?",BOTH
How much vitamin D is in salmon and does it improve bone health?,BOTH
"How many calories are in a large burger, and should I be eating that as part of my diet?",BOTH
"How many grams of sugar are in a cup of soda, and can it cause an energy crash later?",BOTH
Give me the sugar content in honey and tell me if it's safe for children,BOTH
"Give me the fat content of olive oil, and is it safe to cook with every day?",BOTH
How much sugar is in an orange and will it affect my teeth if eaten daily?,BOTH
"Give me the potassium content of bananas, and can I eat them to lower my blood pressure?",BOTH
What's the vitamin D level in fortified milk and does it help with bone health?,BOTH
"How many grams of protein are in a large chicken breast, and will it help with muscle gain?",BOTH
Here are 50 diverse questions where a user is asking for both nutritional numbers AND health advice in the same question:,BOTH
"Can you tell me the sodium content of soy sauce, and should I limit my intake on a low-sodium diet?",BOTH
"What's the protein content of lentils, and can I use them as a substitute for meat?",BOTH
Give me the potassium in bananas and recommend daily intake,BOTH
How much caffeine is in coffee and can it help with exercise performance?,BOTH
Tell me the protein content of Greek yogurt and does it support muscle growth,BOTH
"How much sugar is in a banana, and is it safe for a diabetic?",BOTH
What's the sugar content of applesauce and can I give it to my toddler?,BOTH
Give me the fat content of coconut oil and tell me if it's good for heart health,BOTH
What's the vitamin A count of sweet potatoes and can I use them as a natural remedy for skin issues?,BOTH
Give me the potassium content of bananas and can they help lower blood pressure?,BOTH
How much fiber is in broccoli and will it improve digestion?,BOTH
"Give me the vitamin C content of oranges, and do they have any benefits for the immune system?",BOTH
"Tell me the zinc content of oysters, and will it boost my immune system?",BOTH
How many grams of protein are in an egg and will they help build muscle?,BOTH
What's the protein in Greek yogurt and can it aid in muscle recovery after exercise?,BOTH
What's the fat content in coconut oil and should I use it for cooking if I have high cholesterol?,BOTH
"How many calories are in a large pizza, and is it okay to eat it every day?",BOTH
"What's the vitamin A level in sweet potatoes, and can I use them as a natural remedy for dry skin?",BOTH
How much potassium is in banana and does it help regulate electrolytes?,BOTH
Give me the fiber count of whole wheat bread and can I eat it on a high-fiber diet?,BOTH
How many grams of fiber are in broccoli and do you recommend eating it daily?,BOTH
How many carbs are in a slice of whole wheat bread and is it suitable for diabetics?,BOTH
"Give me the protein count of chicken breast, and should I eat it before or after a workout?",BOTH
What's the calcium level in milk and should I drink it regularly for bone health?,BOTH
"How many grams of sugar are in a cup of honey, and can it be used as a natural sweetener?",BOTH
"What are the nutritional benefits of eating sweet potatoes, and how often should I eat them?",BOTH
"What's the caffeine content of coffee, and can I drink too much of it?",BOTH
"Give me the sugar content of honey, and is it good for children's health?",BOTH
"How much sugar is in a serving of granola, and are they suitable for diabetics?",BOTH
"How many grams of protein are in a serving of chicken breast, and does it help with muscle growth?",BOTH
"What are the health benefits of drinking green juice, and how often should I drink it?",BOTH
"Give me the fiber content of whole wheat bread, and does it have any benefits for digestive health?",BOTH
Give me the sodium content of kimchi and tell me if it's bad for high blood pressure,BOTH
Provide the iron content in red meat and tell me if it's beneficial for anemic individuals,BOTH
"What are the health benefits of drinking apple cider vinegar, and how often should I drink it?",BOTH
Tell me the protein content of turkey breast and recommend it to someone with digestive issues,BOTH
"Give me the calorie count of a chicken breast, and is it good for weight loss?",BOTH
"What's the fat content of avocado, and should I eat it daily for heart health?",BOTH
"How much caffeine is in a cup of energy drink, and can it interact with certain medications?",BOTH
How many grams of fat are in almond butter and is it suitable for weight loss?,BOTH
What's the fat content of coconut oil and should I use it for cooking?,BOTH
Give me the vitamin B12 content in tuna and tell me if it's safe to consume during pregnancy,BOTH
Can you give me the calorie count of a large egg and is it suitable for weight loss diets?,BOTH
What's the fat percentage in Greek yogurt and is it suitable for low-fat diets?,BOTH
What's the sodium count of pickles and will they affect my blood pressure?,BOTH
How much caffeine is in green tea and will it help me stay awake during work hours?,BOTH
"Can you give me the fiber content of brown rice, and can it lower cholesterol levels?",BOTH
What's the sodium level in soy sauce and can it increase heart disease risk?,BOTH
Provide the protein content in cottage cheese and tell me if it aids weight loss,BOTH
Give me the caffeine content of matcha green tea and tell me if it's safe to drink daily,BOTH
Give me the calorie count of a large egg omelette and is it suitable for weight loss?,BOTH
"How many carbs are in white rice, and should I limit my intake if I'm trying to lose weight?",BOTH
What's the potassium content of bananas and can it help alleviate muscle cramps?,BOTH
"What's the potassium content of bananas, and can it help with muscle cramps?",BOTH
"What's the calorie count of cottage cheese, and is it suitable for a low-carb diet?",BOTH
"How much sodium is in soy milk, and should I use it sparingly if I have high blood pressure?",BOTH
How many calories are in a large serving of chicken wings and should they be avoided by diabetics?,BOTH
Give me the protein in Greek yogurt and recommend daily intake for athletes,BOTH
How much sodium is in canned beans and can I eat them regularly without harming my kidneys?,BOTH
"Give me the protein content of chicken breast, and will it help with muscle growth?",BOTH
What's the vitamin C count of lemons and can I use them as a natural remedy for colds?,BOTH
How many calories are in a slice of pizza and can I eat it on a low-carb diet?,BOTH
"Give me the fiber content of almonds, and do they help with digestive issues?",BOTH
"Give me the calorie count of a cup of cooked lentils, and tell me if it helps with weight management",BOTH
What's the protein level in chicken wings and will they help build muscle?,BOTH
"What's the carbohydrate count of brown rice, and should I eat it as a diabetic?",BOTH
How much sugar is in a can of soda and will regular consumption contribute to weight gain?,BOTH
What's the calorie count of a cup of oatmeal and can I eat it for breakfast?,BOTH
"What's the iron content of lentils, and can they help with anemia?",BOTH
"How much sodium is in soy sauce, and should I use it sparingly if I have high blood pressure?",BOTH
"Can you tell me the sodium content of canned beans, and should I rinse them before eating?",BOTH
"How much saturated fat is in butter, and should I avoid eating it if I have high cholesterol?",BOTH
"Give me the vitamin C content of kiwi, and do they have any benefits for the immune system?",BOTH
"What's the fat content of almond milk, and is it suitable for a keto diet?",BOTH
"Give me the omega-3 content of walnuts, and do they help reduce inflammation in my body?",BOTH
How much sugar is in a small container of hummus and can I eat it on a low-carb diet?,BOTH
How much vitamin C is in strawberries and can I eat them to boost my immune system?,BOTH
"What's the protein in chicken breast, and will it help build muscle?",BOTH
Give me the sodium in soy sauce and recommend daily limit,BOTH
What's the calorie count of a large hamburger and should I eat it on a diet?,BOTH
"What's the vitamin C count of kiwi fruit, and do they help boost my immune system?",BOTH
"What's the sugar content of honey, and does it have any medicinal properties?",BOTH
"What's the vitamin C level in citrus fruits, and can I use them as a natural remedy for colds?",BOTH
"Tell me the iron content of spinach, and will it help with anemia?",BOTH
What's the vitamin B12 count of salmon and can I use it as a natural remedy for fatigue?,BOTH
Tell me the protein in chicken breast and will eating more help with hair growth?,BOTH
Provide the vitamin C content in strawberries and tell me if it aids collagen production,BOTH
"Can you tell me the iron content of beef, and can I get enough from other sources?",BOTH
What's the fat content of olive oil and can it lower heart disease risk?,BOTH
Give me the sugar count in honey and tell me if it's good for soothing a sore throat,BOTH
What's the carb count of brown rice and can I eat it on a low-carb diet?,BOTH
How many calories does a medium avocado have and can I eat it if I'm on a low-carb diet?,BOTH
"What's the sodium content of soy sauce, and should I limit my intake as a hypertensive?",BOTH
Give me the fat percentage of olive oil and tell me if it's good for heart health,BOTH
"How many grams of protein are in a large serving of Greek yogurt, and will it help with muscle growth?",BOTH
What's the fat content of almonds and will they help lower my cholesterol?,BOTH
"How many calories are in a large pizza, and should I be eating that as part of my diet?",BOTH
"How much sugar is in a serving of orange juice, and are they safe for diabetics?",BOTH
What's the fat content of coconut cream and should I use it for cooking?,BOTH
Give me the potassium content of bananas and should I consume them as athletes,BOTH
How much sodium is in processed meats and will it increase blood pressure?,BOTH
How much sodium is in miso soup and do they contribute to high blood pressure?,BOTH
How much calcium is in milk per cup and can it help with osteoporosis prevention?,BOTH
How much fiber is in broccoli and can it aid in digestion?,BOTH
How much iron is in cooked beef and tell me if it prevents fatigue,BOTH
What's the calorie count of a large pizza and will it help or hinder my weight loss goals?,BOTH
How much sodium is in soy sauce and will it affect my blood pressure?,BOTH
Give me the sodium content in soybeans and advise on its use as a substitute for salt,BOTH
"What's the calorie count of a cup of ice cream, and is it okay to indulge occasionally when watching weight?",BOTH
How much protein is in chicken breast and can it help build muscle mass?,BOTH
"How many grams of protein are in a large serving of turkey breast, and will it help with muscle gain?",BOTH
What's the potassium level in bananas and if it helps prevent muscle cramps?,BOTH
What's the fat content of an avocado and should I eat it on low-carb diet?,BOTH
What's the protein in salmon and does it aid muscle recovery?,BOTH
"Give me the protein content of chicken thighs, and are they good for muscle building?",BOTH
What's the fiber count of broccoli and can I eat it on a high-fiber diet?,BOTH
How many carbs are in a slice of whole wheat bread and should it be avoided by diabetics?,BOTH
Give me the potassium in sweet potatoes and recommend daily intake,BOTH
"What's the magnesium content of dark chocolate, and can it help with sleep?",BOTH
"How much saturated fat is in coconut oil, and can I use it for cooking if I have high cholesterol?",BOTH
Tell me the iron content in spinach and its benefits for anemia patients,BOTH
How much fiber is in brown rice per cup and can it help with digestive issues?,BOTH
Give me the calorie count of a serving of ice cream and tell me if it's bad for someone with high cholesterol,BOTH
What's the fat content in coconut oil and does it improve skin health?,BOTH
Tell me the protein amount in turkey breast and if it helps with weight loss,BOTH
What are the health benefits of eating walnuts and how many should I eat per day?,BOTH
Tell me the vitamin C content of oranges and do they boost immunity,BOTH
"What's the potassium content of sweet potatoes, and can I use them as a natural remedy for muscle cramps?",BOTH
"What's the vitamin B12 content of tuna, and does it help with energy production?",BOTH
"What's the magnesium content of spinach, and can it help with sleep?",BOTH
Give me the iron levels in lentils and if they aid in anemia symptoms,BOTH
"How many calories are in a large burger, and should I limit my intake if I'm trying to lose weight?",BOTH
"What's the protein in salmon, and will it help build muscle?",BOTH
Give me the iron levels in turkey meat and if they aid in anemia symptoms,BOTH
Can you give me the calorie count of a large chicken breast and is it suitable for weight loss diets?,BOTH
What's the vitamin D content in salmon and is it safe to consume during pregnancy?,BOTH
"What's the iron content of spinach, and can it help with anemia?",BOTH
"Can you give me the iron content of spinach, and do I need more iron as an athlete?",BOTH
"Give me the calcium content of milk, and can it help with bone density?",BOTH
"How much sugar is in a medium-sized mango, and can I eat it if I'm trying to lose weight?",BOTH
What's the calcium content in milk per cup and should I drink it daily for strong bones?,BOTH
Give me the vitamin C in oranges and tell me if it prevents scurvy,BOTH
"Give me the sugar content of a glass of orange juice, and is it suitable for kids with high blood pressure?",BOTH
How much sodium is in canned vegetables and will it increase blood pressure?,BOTH
Tell me the sodium content of chicken broth and should I limit my intake due to high blood pressure,BOTH
What are the calories in a large cup of coffee with creamer and can it cause energy crashes?,BOTH
Can I eat quinoa as a breakfast food and how many calories does it have?,BOTH
What's the sugar content of grapefruit juice and can I drink it on a low-sugar diet?,BOTH
Give me the calorie count of a small apple and can it be part of a weight loss plan?,BOTH
Give me the potassium content in bananas and tell me if they're suitable for athletes,BOTH
What's the calorie count of a large coffee and does caffeine make you gain weight?,BOTH
How much vitamin D is in salmon fillets and can it help with bone health for older adults?,BOTH
Tell me the calorie count of a cup of coffee and can I drink it on an empty stomach?,BOTH
How many calories are in an avocado and does it help lower cholesterol?,BOTH
"Give me the vitamin B12 content of eggs, and is it essential for energy production?",BOTH
"Can you give me the iron content of turkey meat, and do I need more as a vegan athlete?",BOTH
Tell me the vitamin D content of salmon and does it support bone health,BOTH
"How many calories are in a large sushi roll, and should I be eating that for lunch?",BOTH
What's the vitamin C in citrus fruits and its effects on scurvy prevention?,BOTH
What's the iron content in spinach and can it help alleviate anemia symptoms?,BOTH
Tell me the fat content of salmon and recommend it to someone with high triglycerides,BOTH
"Give me the sodium content of soy sauce, and is it safe for people with high blood pressure?",BOTH
How much caffeine is in green tea and can I drink it on a daily basis?,BOTH
"Give me the vitamin D content of fortified orange juice, and is it essential for bone health?",BOTH
"Tell me the potassium content of bananas, and will it help with blood pressure?",BOTH
"Can you tell me the carb count of white bread, and should I avoid eating it when trying to lose weight?",BOTH
Can you give me the sodium in canned beans and recommend daily limit,BOTH
Give me the iron content in chicken and tell me if it's beneficial for anemic individuals,BOTH
How much sodium is in soy sauce and can I use it to season my meals without harming my kidneys?,BOTH
Tell me the iron content in lentils per serving and will it help with anemia treatment?,BOTH
"Give me the fat content of avocado, and tell me if it's suitable for a low-fat diet",BOTH
"Can you tell me the protein count of Greek yogurt, and should I eat it after a workout?",BOTH
Give me the sugar content in dates per serving and are they good for digestive health?,BOTH
"Can you give me the iron content of spinach, and can I take supplements if I'm deficient?",BOTH
How many calories are in a serving of chicken and is it good for weight loss?,BOTH
How much fat is in pumpkin seeds and will they help lower cholesterol?,BOTH
How many carbs are in a slice of whole wheat bread and tell me if it affects blood sugar?,BOTH
What's the protein in cottage cheese and its benefits for muscle growth,BOTH
Tell me the protein in Greek yogurt per serving and should I eat it daily for muscle growth?,BOTH
"Give me the sodium content of soy sauce, and is it suitable for people with high blood pressure?",BOTH
How much sugar is in a banana and will it affect my teeth if eaten daily?,BOTH
"Can you tell me the carb count of white rice, and should I avoid eating it with high blood pressure?",BOTH
Give me the protein in turkey breast and tell me if it helps with muscle gain,BOTH
How many grams of protein are in turkey breast and will eating more help with muscle growth?,BOTH
Tell me the vitamin D content in salmon and if it helps with bone health,BOTH
Give me the sodium content in soy sauce and tell me if it's safe for people with high blood pressure,BOTH
Tell me the calcium content in milk and its importance for bone health,BOTH
Here are 50 diverse questions where a user is asking for both nutritional numbers AND health advice:,BOTH
Tell me the sugar in fruit smoothies and its effects on blood sugar levels,BOTH
"How many calories are in a large serving of hummus, and should I be eating that as part of my diet?",BOTH
How many carbs are in a slice of whole grain pasta and tell me if it affects blood sugar?,BOTH
"How much caffeine is in a shot of espresso, and is it okay to consume it before bed?",BOTH
Tell me the protein content of chicken thighs and does it support muscle growth,BOTH
How much fat is in walnuts and does it improve heart health?,BOTH
How much calcium is in a serving of kale and will it strengthen bones?,BOTH
How much sugar is in maple syrup and should I avoid using it for diabetes?,BOTH
Give me the vitamin A content in carrots per serving and are they good for eye health?,BOTH
Tell me the protein in chicken thighs per serving and should I eat them daily for muscle growth?,BOTH
What's the saturated fat level in coconut oil and can it increase heart disease risk?,BOTH
How much protein is in an egg and will it help build muscle?,BOTH
"How many calories are in a cup of cooked quinoa, and can it help with weight management?",BOTH
How much sodium is in soybeans and do they contribute to high blood pressure?,BOTH
"What's the iron level in spinach, and can I take it as a supplement to prevent anemia?",BOTH
"What's the sugar content of honey, and can I use it as a natural sweetener for diabetics?",BOTH
How many calories are in a cup of black coffee and can it boost metabolism?,BOTH
"What's the vitamin B6 level in chicken liver, and can I take supplements if I'm deficient?",BOTH
"What's the calcium content of milk, and is it suitable for people with osteoporosis?",BOTH
What's the fat content of almond milk and is it suitable for people with high cholesterol?,BOTH
"How many carbs are in whole wheat bread, and should I limit my intake if I'm trying to lose weight?",BOTH
How much caffeine is in a cup of green tea and can it improve mental focus or is it too much for daily consumption?,BOTH
Give me the fat content of salmon and tell me if it's good for heart health,BOTH
How much sugar is in a glass of fruit juice and will regular consumption contribute to weight gain?,BOTH
What's the protein level in chicken thighs and will they help build muscle?,BOTH
How many calories are in a glass of red wine and is it safe to drink daily in moderation?,BOTH
"How much calcium is in tofu, and can it aid in bone health?",BOTH
What's the fat count of avocados and will they raise my cholesterol?,BOTH
What's the sugar count of a medium-sized banana and can I eat it with insulin?,BOTH
Can you give me the vitamin D in fortified milk and advise on supplements?,BOTH
"What's the potassium content of spinach, and can I eat it to lower my blood pressure?",BOTH
How much fiber is in quinoa and does it help lower cholesterol?,BOTH
"How much sugar is in a can of soda, and should I avoid drinking it to maintain a healthy weight?",BOTH
"Tell me how many carbs are in a slice of whole wheat bread, and is it good for managing blood sugar?",BOTH
Give me the sugar levels in raisins and can they be part of a healthy snack,BOTH
"How much sugar is in a can of energy drink, and should I avoid drinking it before a workout?",BOTH
What's the sugar content in maple syrup and should diabetics avoid using it as a sweetener?,BOTH
Give me the protein in chicken breast and tell me if it helps with muscle recovery,BOTH
"What's the sugar content of pineapple, and can it help with weight loss?",BOTH
"What's the vitamin D count of salmon, and can I get enough from sunlight or supplements?",BOTH
How much sodium is in soybeans per cup and can I eat them regularly without harming my kidneys?,BOTH
How much iron is in red meat and can it help with anemia?,BOTH
"What's the sugar content of fruit juice, and should I limit my intake as a diabetic?",BOTH
Give me the fat content in almonds per ounce and are they suitable for snacking on while trying to lose weight?,BOTH
Tell me the vitamin A content in carrots and if they aid in vision health,BOTH
Give me the iron content of red meat and tell me if it's good for anemia sufferers,BOTH
Give me the iron content of spinach and should I consume it to prevent anemia?,BOTH
What's the calcium content in cheese and advise on its use for bone health,BOTH
What's the fat percentage of almonds and can I eat them as a snack?,BOTH
How many calories are in a cup of coffee and can it boost metabolism?,BOTH
"What's the potassium content of sweet potatoes, and can they help with muscle cramps?",BOTH
"Can you tell me the vitamin C content of strawberries, and do they help boost immunity?",BOTH
"Give me the calcium content of milk, and should I drink it to prevent osteoporosis?",BOTH
Give me the sodium in soy sauce and advise on low-sodium diets,BOTH
What's the saturated fat level in beef and can it increase heart disease risk?,BOTH
"What's the calorie count of a slice of pizza, and is it okay to eat it on occasion when trying to lose weight?",BOTH
"Can you tell me the vitamin B12 content of salmon, and is it essential for energy production?",BOTH
What's the protein in chicken thighs and can it aid muscle growth?,BOTH
Provide the calorie count for a large bowl of pasta and advise on portion control,BOTH
"How many calories does a medium-sized chicken wing have, and can I eat them on a low-calorie diet?",BOTH
"What's the iron content of beef, and will it help with anemia?",BOTH
Tell me the sodium content of canned beans and should I limit my intake due to high blood pressure,BOTH
"How much protein is in a cup of Greek yogurt, and can it aid in muscle recovery?",BOTH
What's the iron content in beef and is it suitable for people with high blood pressure?,BOTH
"How much sodium is in canned soup, and can it cause high blood pressure issues?",BOTH
Tell me the sugar content in dark chocolate and can it cause tooth decay,BOTH
Give me the calcium content in almonds and tell me if they aid bone health,BOTH
Tell me the calorie count of a serving of popcorn and can I eat it on a diet?,BOTH
"How much fiber is in whole wheat bread, and can it aid in digestion?",BOTH
"How many calories does a medium-sized brownie have, and can I eat it on a low-calorie diet?",BOTH
What's the sugar count of honey and can I use it on a low-carb diet?,BOTH
"How much fat is in olive oil, and can it aid in heart health?",BOTH
Tell me the iron content in spinach and if it's beneficial for pregnant women,BOTH
Give me the sodium content in chicken broth and tell me if it's safe to consume during pregnancy,BOTH
Give me the iron content of spinach and tell me if it's good for anemia sufferers,BOTH
Can you tell me the potassium content in bananas and are they good for heart patients?,BOTH
Give me the carb count of brown rice and tell me if it's good for someone with high cholesterol,BOTH
Give me the fiber count of quinoa and can I eat it on a high-fiber diet?,BOTH
"Give me the vitamin C content of oranges, and does it have any benefits for immune function?",BOTH
Give me the sodium count of soy sauce and does it contribute to high blood pressure?,BOTH
Provide the protein in Greek yogurt and tell me if it aids muscle growth,BOTH
"What's the fat content of olive oil, and should I use it as a finishing oil?",BOTH
Give me the potassium content of bananas and tell me if they're good for athletes,BOTH
"How many calories does a large serving of sushi have, and can I eat it if I'm trying to lose weight?",BOTH
What's the fat percentage of avocados and can I eat them on a keto diet?,BOTH
"How much potassium is in a banana, and can it help lower blood pressure?",BOTH
Give me the calorie count of a large pear and can it be part of a weight loss plan?,BOTH
What's the protein in chicken breast and can it help with muscle gain for a bodybuilder?,BOTH
Tell me the vitamin C content of strawberries and do they boost immunity,BOTH
What's the fat content of avocado oil and should I use it for cooking?,BOTH
"Can you tell me how many grams of sugar are in a cup of orange juice, and can it cause blood pressure issues?",BOTH
"How much sugar is in a can of soda, and should I avoid drinking it at all costs?",BOTH
How much fiber is in an apple and should I eat it before bed?,BOTH
"How many grams of sugar are in a cup of fruit juice, and can it be used as a healthy alternative to soda?",BOTH
Tell me the fat percentage of avocado and can I use it to lower my triglycerides?,BOTH
Give me the sugar levels in dried cranberries and can they be part of a healthy snack,BOTH
"What's the sugar content of maple syrup, and should I use it sparingly as a diabetic?",BOTH
What's the protein in Greek yogurt and tell me if it helps with muscle recovery after exercise,BOTH
"Give me the protein content of almonds, and can I use them as a snack to build muscle?",BOTH
"How many grams of protein are in a serving of Greek yogurt, and does it help with muscle recovery after exercise?",BOTH
"Give me the vitamin D content of fatty fish, and does it have any benefits for bone health?",BOTH
"What's the vitamin C content of kiwi, and does it help boost immunity?",BOTH
"What's the iron in beef, and will it help reduce fatigue?",BOTH
"Can you tell me how many grams of sugar are in a cup of coffee with cream, and can it cause blood pressure issues?",BOTH
What's the sugar count of maple syrup and can I use it on a low-carb diet?,BOTH
"Give me the calcium content of fortified plant-based milk, and should I drink it to prevent osteoporosis?",BOTH
What's the carb count of pizza crust and should I avoid eating it if I have high blood pressure?,BOTH
"What's the potassium content of bananas, and can I use them to lower my blood pressure?",BOTH
"Give me the sodium content of processed cheese, and is it suitable for people with high blood pressure?",BOTH
What's the potassium content in sweet potatoes and will they help lower my blood pressure?,BOTH
How much sodium is in table salt and do they contribute to hypertension?,BOTH
"Give me the calorie count of a cup of cooked brown rice, and tell me if it helps with weight loss",BOTH
Give me the calorie count of a large turkey breast and is it suitable for weight loss diets?,BOTH
"Can you give me the protein content of turkey breast, and should I eat it before or after a workout?",BOTH
Provide the iron content in dark chocolate and advise on iron deficiency anemia,BOTH
Give me the sodium content in canned beans and tell me if it affects blood pressure,BOTH
What's the fat content of almonds and do they help with weight loss?,BOTH
What's the calorie count of a large serving of cottage cheese and can I eat it for breakfast?,BOTH
What's the fiber count of artichokes and can I eat them on a high-fiber diet?,BOTH
Can you tell me the sugar content in honey and is it good for diabetics to consume as a natural sweetener?,BOTH
Tell me the protein amount in chicken thighs and if it helps with weight loss,BOTH
How many calories are in a serving of dark chocolate and is it safe to eat daily in moderation?,BOTH
"How many calories are in a medium-sized avocado, and will it help lower cholesterol?",BOTH
Tell me the protein content of lamb and does it support muscle growth,BOTH
How much sodium is in a can of black beans and what's the best way to cook them for high blood pressure?,BOTH
Give me the fat content in pumpkin seeds per ounce and are they suitable for snacking on while trying to lose weight?,BOTH
Can you give me the sugar in honey and advise on using it for coughs?,BOTH
What's the sugar count of fruit smoothies and can they affect my blood sugar?,BOTH
How much protein is in shrimp and recommend daily intake for athletes,BOTH
"What's the potassium content of avocados, and can I use them as a natural remedy for muscle cramps?",BOTH
Give me the iron content of spinach and will it improve my endurance?,BOTH
Can I eat brown rice as a side dish and how many calories does it have?,BOTH
Give me the fiber content in oats and tell me if they aid digestion,BOTH
"How much protein is in an egg, and should I eat it daily to build muscle?",BOTH
Tell me the calorie count of chicken breast and is it safe for someone with heart disease,BOTH
"What's the fat content of peanut butter, and should I limit my intake on a low-fat diet?",BOTH
How much vitamin C is in strawberries and will it improve immune function?,BOTH
Give me the vitamin B6 content of sweet potatoes and can they help with energy levels?,BOTH
"How much sugar is in a serving of mixed berries, and are they safe for people with high blood pressure?",BOTH
"What are the health benefits of eating oats, and how often should I eat them for breakfast?",BOTH
How much sugar is in a small bag of potato chips and can I eat them on a low-carb diet?,BOTH
What's the sugar content of a banana and is it safe for diabetics?,BOTH
"What's the sugar content of coconut water, and can it help with hydration?",BOTH
How many grams of fiber are in beans and do you recommend eating them daily?,BOTH
What's the fat count of almonds and will they raise my cholesterol?,BOTH
Tell me the protein in cottage cheese and will eating more help with weight loss?,BOTH
"What's the iron level in red meat, and can I take supplements if I'm anemic?",BOTH
How much sugar is in dates and advise on using them as a natural sweetener?,BOTH
Give me the vitamin C in strawberries and advise on using them as a face mask,BOTH
"Can you tell me the iron content of lentils, and can I get enough from other sources?",BOTH
What's the sugar level in honey and can I use it to soothe a sore throat?,BOTH
Tell me the vitamin D in fatty fish and its importance for bone density,BOTH
"Give me the vitamin C content of oranges, and tell me if it helps boost immunity",BOTH
What's the sugar content in an apple and does it help regulate blood pressure?,BOTH
Tell me the fiber content of artichokes and will eating them regularly help lower cholesterol?,BOTH
"What's the vitamin C level in strawberries, and can I use it as a natural remedy for colds?",BOTH
"How much sugar is in a serving of honey, and are they safe for diabetics?",BOTH
How many grams of fat are in coconut oil and is it suitable for cooking?,BOTH
How many grams of protein are in Greek yogurt and will it help with muscle building?,BOTH
"What's the iron in spinach, and will it help reduce fatigue?",BOTH
What's the sodium level in soy sauce and should I use it as a seasoning?,BOTH
Give me the vitamin C in kiwi fruit and advise on using it as a face mask,BOTH
Give me the sodium content of salsa and tell me if it's bad for high blood pressure,BOTH
What's the sugar content in fruit juices and can they cause tooth decay?,BOTH
Give me the calorie count of quinoa and tell me if it's good for weight loss,BOTH
"How much sugar is in a serving of mixed nuts, and are they suitable for diabetics?",BOTH
Give me the calorie count of a large serving of granola and can I eat it as a snack?,BOTH
What's the calorie count of a large pizza and can I eat it on keto diet?,BOTH
Can you give me the vitamin E in almonds and tell me if it prevents skin issues?,BOTH
Tell me the sodium content of soy sauce and should I limit my intake due to high blood pressure,BOTH
"How much fat is in avocado, and can I eat it on a keto diet?",BOTH
How much fat is in coconut oil and is it healthy to consume in large quantities?,BOTH
"How many calories does a large serving of pad thai have, and can I eat it on a low-calorie diet?",BOTH
What are the calories in a large pizza and can eating it daily cause weight gain?,BOTH
"Can you tell me the sodium content of table salt, and should I limit my intake when trying to lose weight?",BOTH
How much protein is in chicken breast and can it aid muscle growth?,BOTH
"What's the fat content of almond milk, and is it suitable for weight loss diets?",BOTH
"What's the fat content of peanut butter, and can I eat it on whole wheat bread while trying to lose weight?",BOTH
Provide the calorie count for a large burger and advise on weight management,BOTH
"What's the sugar content of maple syrup, and should I limit my intake on a low-carb diet?",BOTH
"Give me the calorie count of a cup of Greek yogurt, and tell me if it helps with digestive health",BOTH
How much caffeine is in a cup of coffee and can it improve mental focus or is it too much for daily consumption?,BOTH
"How much protein is in chicken breast, and should I eat it every day for muscle growth?",BOTH
What's the protein in chicken breast per serving and will it help build muscle mass quickly?,BOTH
Tell me the iron content in spinach and is it safe for pregnant women to consume?,BOTH
Tell me the potassium level in bananas and if it helps prevent muscle cramps,BOTH
"How many grams of carbs are in a serving of whole wheat pasta, and is it suitable for a low-carb diet?",BOTH
Tell me the sugar levels in grapefruit and can it be a healthy snack for diabetics?,BOTH
"Can you tell me how many calories are in a serving of hummus, and is it good for weight loss diets?",BOTH
Give me the sugar in honey and its effects on blood sugar levels,BOTH
"How much vitamin C is in an orange, and can I eat too many?",BOTH
How much sugar is in an apple and will it affect my teeth if eaten daily?,BOTH
What's the sugar content of orange juice and is it safe for diabetics to consume in moderation?,BOTH
"What's the fat content of coconut oil, and should I use it as a cooking oil?",BOTH
What's the sodium level in canned beans and should I limit my intake on a low-sodium diet?,BOTH
How much vitamin B12 is in tuna and does it improve energy levels?,BOTH
How much fat is in olive oil and is it healthy to consume in large quantities?,BOTH
What's the vitamin A in carrots and its effects on eye health?,BOTH
What's the fat content in avocado and will it improve heart health?,BOTH
"Give me the fiber count of broccoli, and does it have any anti-inflammatory properties?",BOTH
What's the fiber in brown rice and will it help with digestion?,BOTH
"How much sugar is in a glass of apple juice, and should I limit my intake if I'm trying to lose weight?",BOTH
"How much potassium is in a medium-sized potato, and can it help lower blood pressure?",BOTH
What's the sugar content in agave nectar and should diabetics avoid using it as a sweetener?,BOTH
"What's the vitamin C count of oranges, and do they help boost my immune system?",BOTH
"What's the vitamin E level in nuts, and can I take supplements if I'm deficient?",BOTH
How much vitamin C is in an orange and will it boost my immune system?,BOTH
"How many calories are in a grilled chicken breast, and does it help with weight loss?",BOTH
How much fiber is in broccoli and can I eat it regularly to lower cholesterol?,BOTH
What's the potassium level in avocados and should I eat them regularly?,BOTH
Tell me the calorie content in a serving of popcorn and is it suitable for diabetics,BOTH
How many calories are in a large serving of hummus and can I eat it as a snack?,BOTH
Tell me the protein content of cottage cheese and recommend it to someone with digestive issues,BOTH
How many grams of fiber are in spinach and do you recommend eating them daily?,BOTH
What's the calorie count of a large chicken sandwich and should I eat it on a diet?,BOTH
Give me the potassium in sweet potatoes and tell me if they help lower blood pressure,BOTH
What's the fiber in quinoa and will it help with constipation?,BOTH
"Tell me how many calories are in a serving of black beans, and is it good for weight loss diets?",BOTH
Give me the vitamin C in oranges and tell me if it helps with immune function,BOTH
What's the sugar level in honey and should I use it as a sweetener?,BOTH
Tell me the fiber content in broccoli and if it aids digestion,BOTH
What's the sugar content of honey and should I consume it as a pre-workout snack?,BOTH
Give me the vitamin C in oranges and tell me if it helps boost immunity,BOTH
"Give me the protein count of eggs, and will they help reduce hunger?",BOTH
Give me the sugar in fruit juice and its effects on tooth decay,BOTH
Give me the carb count of quinoa and tell me if it's good for low-carb diets,BOTH
"Give me the potassium content of avocados, and can they help with blood pressure management?",BOTH
"Give me the calcium level in milk, and is it essential for people with osteoporosis?",BOTH
Provide the vitamin D level in mushrooms and tell me if it helps with bone health,BOTH
How much calcium is in a serving of yogurt and will it strengthen bones?,BOTH
What's the fiber content of oatmeal and can it improve digestion?,BOTH
"What's the potassium content of sweet potatoes, and can I eat them to lower my blood pressure?",BOTH
How much fiber is in an apple and will it help with constipation?,BOTH
How many grams of protein are in chicken breast and is it suitable for bodybuilding?,BOTH
Give me the sugar count in maple syrup and tell me if it's bad for someone with diabetes,BOTH
"What's the sodium content of soy milk, and is it suitable for people with high blood pressure?",BOTH
What's the potassium content in bananas per medium-sized fruit and will they help lower my blood pressure?,BOTH
Give me the sodium count of canned beans and will they raise my blood pressure?,BOTH
"Give me the calcium content of fortified plant-based milk, and can it help with bone density?",BOTH
What's the carb count of a slice of pizza and will it affect my blood sugar?,BOTH
How many grams of protein are in an egg and can I eat them daily for muscle growth?,BOTH
What is the main difference between HTML and CSS?,NONE
Is there a mobile app that can translate languages real-time?,NONE
Can you explain the concept of a wormhole in physics?,NONE
What is the difference between Ruby and Rails?,NONE
Who was the first person to walk on the moon?,NONE
Can you write a recursive function in Java to calculate the factorial of a number?,NONE
Can you explain the concept of polymorphism in object-oriented programming?,NONE
How do I use a VPN with my smartphone?,NONE
How do I remove duplicate elements from an array using Java?,NONE
How many hours are there in a non-leap year?,NONE
Is it possible to predict the weather for a specific location on a given date?,NONE
How do I merge two Git repositories?,NONE
Here are 50 diverse questions:,NONE
Can I make my own cryptocurrency?,NONE
Can you explain the concept of encapsulation in object-oriented programming?,NONE
What is the significance of the Pythagorean theorem in mathematics?,NONE
Is it going to rain on Tuesday?,NONE
Is it going to be sunny tomorrow?,NONE
Who was the first President of the United States?,NONE
How do I calculate the area of a circle using Python?,NONE
Can you explain the concept of inheritance in programming languages?,NONE
What are the main differences between Agile and Scrum methodologies?,NONE
What is the difference between a for loop and a while loop in programming?,NONE
Is it going to snow next week in Chicago?,NONE
Where is the ancient city of Pompeii located?,NONE
What are the main features of a Kanban board in Agile development?,NONE
Will the new Apple Watch have a built-in GPS?,NONE
Will it snow on Christmas Day?,NONE
What is the highest mountain peak in South America?,NONE
How do I optimize a query in SQL?,NONE
Who painted the famous painting Starry Night?,NONE
Do I need a license to drive a scooter?,NONE
Can you explain the concept of machine learning algorithms?,NONE
Is it possible to visit the Great Barrier Reef without scuba diving certification?,NONE
Which ancient civilization built the Great Pyramid?,NONE
What are the major types of software development methodologies?,NONE
What is the current prime rate in the United States?,NONE
In what year was the first smartphone released?,NONE
Can I install Windows on a Macbook Air?,NONE
How do I fix a 500 internal server error on my website?,NONE
Is there a way to use AWS Lambda with Python functions?,NONE
What is the capital of Australia?,NONE
What are some key differences between JavaScript and TypeScript programming languages?,NONE
Can you recommend a good book on computer history?,NONE
"Who wrote the novel ""To Kill a Mockingbird""?",NONE
What is the formula for calculating the circumference of a circle?,NONE
Do smartphones have built-in cameras with zoom capabilities?,NONE
How do I troubleshoot a 404 error on my website using Google Analytics?,NONE
Is it going to rain tomorrow according to the weather forecast?,NONE
Who was the famous mathematician who proved Fermat's Last Theorem?,NONE
"Who is the author of the famous novel ""To Kill a Mockingbird""?",NONE
Can I learn to program in one day?,NONE
"Is it true that the shortest war in history was between Britain and Zanzibar on August 27, 1896?",NONE
What are some popular websites for finding job openings?,NONE
Can you recommend any good books on the history of science?,NONE
What was the name of the first website launched on the internet?,NONE
Which programming language is best for data science?,NONE
How many wheels does a standard car have?,NONE
Can you recommend a good podcast on science and history?,NONE
Where is the world's largest waterfall located?,NONE
Is it going to snow tomorrow in New York City?,NONE
"I'm trying to learn how to play chess, can you suggest some strategies?",NONE
How do I calculate the factorial of a number in mathematics?,NONE
Can I make my own video editing software using Python?,NONE
Which mountain range runs along the border between France and Spain?,NONE
What is the difference between a hub and a switch in networking?,NONE
Is it going to be hot tomorrow?,NONE
Which country has the highest population density in the world?,NONE
Which programming language is best for web development?,NONE
What is the average cost of a new laptop?,NONE
Can you write a Python script to scrape data from a website using BeautifulSoup?,NONE
Is it going to snow this weekend?,NONE
Will it snow in New York City this winter?,NONE
How do I set up two-factor authentication on my Google account?,NONE
Who was the first person to climb Mount Everest solo?,NONE
Who was the leader of the United Kingdom during World War II?,NONE
How do I install the pandas library in Python?,NONE
Is it going to be humid tomorrow in Miami?,NONE
Which country has the highest average IQ score?,NONE
Can you explain the concept of blockchain technology?,NONE
Is JavaScript necessary for web development?,NONE
Who won the Oscar for Best Director last year?,NONE
Why does my smartphone take blurry pictures sometimes?,NONE
Is it possible to visit the ancient city of Petra without a guided tour?,NONE
Can you explain how SQL databases work?,NONE
Can you explain the concept of Big O notation in computer science?,NONE
What is the capital of China?,NONE
How do I calculate the average of an array using Python?,NONE
How does one use a compiler to optimize code performance?,NONE
How do you optimize a SQL query for better performance?,NONE
How many languages are spoken in India?,NONE
What is the difference between a while loop and a for loop in Java?,NONE
Can you explain the concept of recursion in programming languages?,NONE
What are the different types of cloud formations?,NONE
Is it going to be cloudy on Tuesday afternoon?,NONE
What is the formula for calculating the surface area of a sphere?,NONE
What are the primary differences between Agile and Waterfall methodologies?,NONE
What is the average salary range for software engineers in San Francisco?,NONE
What was the first computer virus ever created?,NONE
How many continents are there on Earth?,NONE
Is it going to rain tomorrow?,NONE
What was the main theme of the movie Inception?,NONE
How do I calculate the area of a circle using Python's math module?,NONE
How do I install Node.js on my machine?,NONE
Can you explain the concept of inheritance in object-oriented programming?,NONE
What is the highest mountain peak in North America?,NONE
What was the name of the first person to walk on the moon?,NONE
What is the highest mountain peak in the Himalayas?,NONE
How do I write a while loop in Java?,NONE
What is the average speed of a cheetah?,NONE
What is the formula for calculating the area of a circle?,NONE
Is it going to be sunny tomorrow in New York City?,NONE
Is it true that the longest word in the English language has 45 letters?,NONE
Which programming language is best suited for artificial intelligence tasks?,NONE
How do I create a simple chatbot using Python and natural language processing?,NONE
How do I solve a system of linear equations using matrices?,NONE
Will it be sunny during New Year's Eve in Tokyo?,NONE
How do I calculate the area of a rectangle using JavaScript?,NONE
Can you recommend a good programming tool for debugging?,NONE
What is the name of the largest desert on Earth?,NONE
Can you explain the concept of relativity in physics?,NONE
Is it possible to predict the stock market with AI?,NONE
How much does it cost to travel from New York to Los Angeles by train?,NONE
What are some popular programming languages used for data science?,NONE
How do I create a dropdown menu in HTML?,NONE
What is the definition of a namespace in programming?,NONE
Is the iPhone 13 waterproof?,NONE
Is it safe to travel to Paris during the summer months?,NONE
What is the capital of Mongolia?,NONE
"Who is the author of the book ""To Kill a Mockingbird""?",NONE
Can you explain the concept of relativity in simple terms?,NONE
Can you explain the concept of encapsulation in programming?,NONE
What was the outcome of the Battle of Gettysburg?,NONE
How do I fix a corrupted database in MySQL?,NONE
What was the main cause of the Black Death pandemic in Europe?,NONE
What are some good websites for learning programming languages?,NONE
How many countries use the metric system as their official measurement unit?,NONE
In what century did the pyramids of Giza get built?,NONE
Who played the role of Harry Potter in the movie franchise?,NONE
Do I need antivirus software on my computer?,NONE
What are the different types of data structures used in programming?,NONE
Can you write a JavaScript program that simulates a random walk?,NONE
Is it going to be a hot summer this year?,NONE
Can you give me an example of a machine learning model for image classification?,NONE
How do I troubleshoot a problem with my computer's network connection?,NONE
Is the average temperature in January higher than in February in New York City?,NONE
What is the highest mountain peak in the world?,NONE
How do I sort an array of strings in ascending order using Python?,NONE
Can you explain how blockchain technology works?,NONE
How do I calculate the standard deviation of a dataset in R?,NONE
How do I calculate the area of a triangle using vectors?,NONE
Is there a way to automate tasks using Python's scheduling library?,NONE
Who discovered gravity?,NONE
Is there a way to use TensorFlow with Python 3.9?,NONE
Can you create a simple game using C++?,NONE
How do I calculate the median of an array using JavaScript?,NONE
What was the outcome of the Battle of Waterloo?,NONE
Why does my smartphone battery drain so quickly?,NONE
What was the name of the first permanent English settlement in America?,NONE
Is C++ faster than Java for gaming?,NONE
Can I use CSS to style HTML tables?,NONE
Is it possible to learn programming at age 60?,NONE
What was the outcome of the 2019 Super Bowl game?,NONE
How do I create a new branch in Git?,NONE
Who was the first woman to fly solo across the Atlantic Ocean?,NONE
What is the highest mountain peak on Earth?,NONE
What is the highest mountain peak above sea level on Earth?,NONE
What is the highest temperature ever recorded on Earth?,NONE
Is there an app that can help me learn French?,NONE
Who was the ancient Greek philosopher who wrote about democracy?,NONE
Which programming language is best suited for web development tasks like front-end and back-end coding?,NONE
Can you recommend a good IDE for Java development?,NONE
Can you explain the concept of machine learning and its applications?,NONE
Can you explain how to use classes and objects in Python?,NONE
How many hours are in a day?,NONE
Will it be hot during summer in Dubai?,NONE
How does machine learning work with natural language processing?,NONE
Is it possible to learn programming through self-study?,NONE
What is the current temperature in Tokyo?,NONE
Why does my computer take so long to boot up?,NONE
How do I create a password manager using Python?,NONE
Who was the first president of the United States?,NONE
Who played the role of Sherlock Holmes in the 2011 movie Sherlock Holmes: A Game of Shadows?,NONE
How do I use the map function in Python?,NONE
Who invented the printing press?,NONE
How do I optimize my code for faster execution time?,NONE
Is it possible to use a Raspberry Pi as a full-fledged desktop computer?,NONE
Who was the leader of the Soviet Union during World War II?,NONE
Which sports team has won the most Super Bowl championships?,NONE
What was the population of ancient Rome at its peak?,NONE
What is the formula to calculate the area of a circle?,NONE
Will it rain during the 2024 Olympics in Paris?,NONE
"I'm planning a trip to Tokyo, what's the best time to visit?",NONE
What are some popular programming languages used for web development?,NONE
How do I calculate the distance between two points on a coordinate plane?,NONE
Is it possible to learn Python through online courses only?,NONE
Is there a way to schedule tasks automatically using Python?,NONE
Do all computers have a CPU and motherboard?,NONE
Is the average airspeed velocity of an unladen swallow relevant to programming?,NONE
How do I use a library in Python called requests?,NONE
Will it rain next Friday in London?,NONE
Who invented the first computer mouse?,NONE
What is the current weather forecast for London?,NONE
Which actor played the role of Luke Skywalker in the original Star Wars trilogy?,NONE
What is the main difference between a CPU and a GPU?,NONE
Can you explain how encryption works on the internet?,NONE
How many degrees are there in 3 hours and 45 minutes?,NONE
Can you explain the concept of object-oriented programming?,NONE
"What is the main theme of the movie ""The Matrix""?",NONE
"What is the main theme of the movie ""Inception""?",NONE
Will it be cloudy on Saturday?,NONE
Can you explain the concept of a stack data structure in computer science?,NONE
"Who is the author of the book ""The Alchemist""?",NONE
Which programming language is best for artificial intelligence?,NONE
Can you write a program that calculates the area and perimeter of a circle?,NONE
Is it possible to make a website using just HTML and CSS?,NONE
How do I use grep to search for a specific pattern in a file?,NONE
What programming language should I learn first?,NONE
What is the tallest mountain peak in the solar system?,NONE
What was the most popular movie of 1995?,NONE
What is the difference between a LAN and a WAN network?,NONE
Is it safe to travel to India alone as a woman?,NONE
What are the advantages and disadvantages of using a monolithic architecture in software development?,NONE
Is there a new James Bond movie coming out soon?,NONE
Can I make my own website using HTML and CSS?,NONE
Here are 50 diverse questions that meet your requirements:,NONE
What are some good resources for learning SQL from scratch?,NONE
Is it going to be hot tomorrow in Los Angeles?,NONE
Will it be cloudy in Tokyo tomorrow?,NONE
Is it safe to use public Wi-Fi while traveling abroad?,NONE
Is there a way to convert a video file to MP3?,NONE
What are some good resources for learning web development from scratch?,NONE
Here are 50 diverse questions for an intent classification model:,NONE
How do I calculate the average speed of a car in mathematics?,NONE
Who was the ancient Greek philosopher who founded Stoicism?,NONE
What are the main differences between TypeScript and JavaScript?,NONE
What is the difference between a for loop and a while loop in Java?,NONE
Can you recommend a good book on artificial intelligence for advanced readers?,NONE
Can you write a program to calculate the factorial of a number?,NONE
Is it possible to use a 3D printer to create functional mechanical parts?,NONE
How many people speak Mandarin Chinese as their first language?,NONE
Do you know who was the lead singer of the rock band Guns N' Roses?,NONE
Can you recommend some good online courses on data science?,NONE
What is the largest island in Scandinavia?,NONE
Is there a movie based on the life of Albert Einstein?,NONE
Is there a mobile app that can help me track my sleep patterns?,NONE
What is the average salary for a software engineer in the US?,NONE
What are some common errors to watch out for when writing SQL queries?,NONE
How do I calculate the perimeter of a circle using geometry?,NONE
What was the outcome of World War II?,NONE
What was the first smartphone ever created?,NONE
Where is the world's largest desert located?,NONE
What is the difference between a list and an array in programming?,NONE
Will it be sunny in Paris next Wednesday?,NONE
What are some common types of programming errors?,NONE
Is it possible to run a marathon with a broken ankle?,NONE
How do I optimize the performance of a MySQL database?,NONE
What is the difference between a HashMap and a HashSet in Java?,NONE
Can you recommend a good online course platform for learning web development?,NONE
How do I create a new repository on GitHub?,NONE
Will it snow tomorrow in New York City?,NONE
What is the capital of Japan?,NONE
Is it true that the Great Wall of China is visible from space?,NONE
How does a neural network differ from a decision tree?,NONE
Do I need a VPN when using public Wi-Fi?,NONE
How do I write a recursive function in C++?,NONE
What is the main difference between a compiler and an interpreter?,NONE
What is the difference between a function and a method in programming?,NONE
What is the largest waterfall in the world?,NONE
Can you recommend a good programming language for a beginner?,NONE
What is the capital of Canada?,NONE
"Here are 50 diverse questions that have absolutely NOTHING to do with food, nutrition, or healthcare:",NONE
Is it going to be cold next month?,NONE
What are some tips for improving my coding skills?,NONE
Can you recommend some good books on artificial intelligence?,NONE
Who played the role of Luke Skywalker in Star Wars?,NONE
"Will there be a sequel to the game "" Portal 2""?",NONE
"I'm trying to fix my laptop's keyboard, can you help me troubleshoot?",NONE
How do I create a new user account on Windows?,NONE
What is the difference between a laptop and a tablet?,NONE
Can you explain the concept of a linked list data structure in computer science?,NONE
What are the main features of a waterfall model in software development?,NONE
Can you explain how machine learning algorithms work?,NONE
Is there an app that can help me track my daily step count?,NONE
What was the first computer virus?,NONE
How do I use regular expressions in Java?,NONE
How do I create a RESTful API using Flask?,NONE
Can you recommend a good book on data visualization?,NONE
How do I remove duplicates from an array in JavaScript?,NONE
Who was the lead singer of the band Queen?,NONE
Can I use a GoTo button in PowerPoint?,NONE
Can you recommend some good books on machine learning for beginners?,NONE
What are some popular hiking trails in Switzerland?,NONE
In what year did the first iPhone come out?,NONE
Is it going to be sunny on Monday?,NONE
How do I create a new virtual machine in VirtualBox?,NONE
Why does my internet connection keep dropping?,NONE
Is it true that the Earth is round?,NONE
Is it going to rain tomorrow in London?,NONE
What is the average price of a new car in the United States?,NONE
How many days are there in February 2025?,NONE
Can you explain the concept of Big-O notation in complexity analysis?,NONE
Who is the lead singer of the band Queen?,NONE
Who invented the first smartphone?,NONE
What are the benefits of using Git version control?,NONE
Can you write a Python script to scrape data from a website?,NONE
What was the main reason behind the fall of the Roman Empire?,NONE
What is the average cost of a new iPhone?,NONE
Is there a football match scheduled for this weekend?,NONE
Is it possible to learn a new programming language in a week?,NONE
Who won the World Cup last year?,NONE
Can you write a C++ program that simulates a coin toss?,NONE
What are some key differences between a DSL (Domain-Specific Language) and a general-purpose programming language?,NONE
How do I write a for loop in Java?,NONE
What is the average temperature in July in New York City?,NONE
How do I write a regular expression in JavaScript?,NONE
How do I write a recursive function in Python to solve this problem?,NONE
How did the ancient Egyptians build their pyramids?,NONE
Can you explain how to use regular expressions in Python?,NONE
Is it possible to learn to code at 60 years old?,NONE
What is the average cost of building a house on Mars according to NASA estimates?,NONE
What are some common interview questions for data scientists?,NONE
Is there a way to watch Netflix offline?,NONE
How do I create a neural network from scratch?,NONE
What is the population density of Tokyo?,NONE
Who was the founder of Microsoft?,NONE
What is the largest mountain range in the world?,NONE
Can you recommend a good programming book for beginners?,NONE
Is there a way to calculate the factorial of 10 in JavaScript?,NONE
Which country has the longest coastline in the world?,NONE
Is there any evidence that the pyramids were built using advanced technology from ancient civilizations?,NONE
Is it going to rain tomorrow in New York City?,NONE
How do I use a dictionary to store data in Python?,NONE
What are the most popular programming languages used today?,NONE
What is the name of the largest river in South America?,NONE
What is the capital of Peru?,NONE
Can you recommend a book on the history of the internet?,NONE
How many feet are there in 100 meters?,NONE
How do I create a hash table data structure in Java?,NONE
How many planets are in our solar system?,NONE
How does a blockchain work?,NONE
What is the average price of a house in San Francisco?,NONE
How much rainfall does Hawaii receive each year?,NONE
Who was the lead singer of Queen?,NONE
How do I calculate the median of an array in Python?,NONE
Is it possible to make money online through affiliate marketing?,NONE
Who played the role of James Bond in the 2006 movie Casino Royale?,NONE
Can you explain how a Kalman filter works in machine learning?,NONE
Is there a way to automate tasks using Python scripts on Windows?,NONE
How do I troubleshoot issues with my laptop's Wi-Fi connection?,NONE
Will it snow in New York City next week?,NONE
Is there a way to automatically generate test data for software testing?,NONE
Is it safe to download apps from unknown sources?,NONE
What was the highest score ever achieved in a soccer match?,NONE
How do I write a function that takes in multiple arguments and returns their sum?,NONE
Is it possible to learn programming with no prior experience?,NONE
What is the difference between a hub and spoke network architecture in computer science?,NONE
Is there a mobile app that can help me learn a new language?,NONE
Will the new iPhone have a longer battery life than the previous model?,NONE
"What is the main character's name in the movie ""The Shawshank Redemption""?",NONE
Is it going to be sunny in Los Angeles today?,NONE
How did the Roman Empire fall?,NONE
Can you explain the concept of artificial intelligence?,NONE
Will it be sunny in Paris next summer?,NONE
What is the difference between Git and SVN?,NONE
"Who is the author of the famous novel ""The Lord of the Rings""?",NONE
What are some popular sports teams in Australia?,NONE
Is there a new smartphone model released this quarter?,NONE
How does machine learning differ from deep learning?,NONE
Can I watch Netflix on my Linux laptop?,NONE
What are some benefits of using Linux over Windows?,NONE
Can you explain the concept of a black hole in simple terms?,NONE
What is the average airspeed velocity of an unladen swallow according to physics?,NONE
How many bytes are in 1 gigabyte?,NONE
Can you describe the process of how a satellite stays in orbit around the Earth?,NONE
How do you implement a depth-first search algorithm in Python using recursion?,NONE
What is the average salary for a software engineer in San Francisco?,NONE
What was the name of the first movie released in 3D technology?,NONE
What is the largest city in Africa by population?,NONE
Can I make my own video game using C++?,NONE
Will it be windy on Sunday?,NONE
Can I use PHP to create mobile apps?,NONE
What was the name of the first computer virus ever created?,NONE
Who painted the Mona Lisa?,NONE
Can you explain the concept of encryption and decryption in computer science?,NONE
What are the main differences between Node.js and Python?,NONE
How many hours are there in 3 days and 2 weeks?,NONE
Is it true that Pluto is no longer considered a planet?,NONE
Where is the ancient city of Machu Picchu located?,NONE
"Who was the lead actor in the movie ""The Shawshank Redemption""?",NONE
How do I calculate the median of a dataset in Excel?,NONE
What is the main reason for the importance of data backup and recovery?,NONE
Is there a cure for Alzheimer's disease?,NONE
How do I calculate the area of a triangle in math?,NONE
Who was the first woman to fly solo around the world?,NONE
Is it going to be sunny next Wednesday?,NONE
Will the new Amazon Echo have a built-in screen?,NONE
What are the benefits of using agile development methodologies?,NONE
How do I calculate compound interest?,NONE
Is there a way to learn French through mobile apps only?,NONE
"What is the population of Tokyo, Japan?",NONE
How do I install Docker on my local machine?,NONE
Is there a new Marvel movie coming out this year?,NONE
"Who created the popular video game ""Minecraft""?",NONE
How do I troubleshoot an issue with my website's server response time using Google PageSpeed Insights?,NONE
Is there any scientific evidence that supports the existence of Bigfoot or Sasquatch?,NONE
How does the weather app on my phone use GPS and location services?,NONE
What is the name of the largest lake on Earth?,NONE
How do I troubleshoot a 500 internal server error on my website?,NONE
What is the definition of a data structure in programming?,NONE
What was the highest temperature ever recorded on Earth?,NONE
Can you recommend some good books on machine learning?,NONE
Can you recommend a good science podcast to listen to?,NONE
Will it be sunny during Christmas in Los Angeles?,NONE
What is the largest country in the world by land area?,NONE
Will it be sunny on Friday?,NONE
Can you recommend a good programming language for data analysis?,NONE
Can you write a Java program to solve a Rubik's Cube puzzle?,NONE
Can you write a simple program that sorts an array using bubble sort?,NONE
Can you explain the concept of Big O notation?,NONE
What is the difference between Java and Python programming languages?,NONE
What are the most popular programming languages used for artificial intelligence?,NONE
How does one use a debugger in Visual Studio?,NONE
How do I troubleshoot a 404 error on my website?,NONE
Can you explain the concept of a dark matter in astrophysics?,NONE
Can you create a simple chatbot using natural language processing?,NONE
What are some examples of recursive algorithms in programming languages like Python or Java?,NONE
What is the definition of a variable scope in programming?,NONE
Can you recommend a good book for learning math?,NONE
How many planets are there in our solar system?,NONE
What are the four basic operations in mathematics?,NONE
Can you calculate the area of a circle with radius 5 meters?,NONE
How does one use Python's NumPy library for numerical computations?,NONE
How does a CPU cache work?,NONE
Is it possible to predict the weather using AI?,NONE
Who was the lead singer of the rock band Queen?,NONE
How do I write a recursive function in Python?,NONE
"Who wrote the famous novel ""To Kill a Mockingbird""?",NONE
How do I create a graph using Python's matplotlib library?,NONE
Can you recommend a good language for web development?,NONE
What is the difference between Java and C++?,NONE
Is it safe to travel to Tokyo during cherry blossom season?,NONE
What are some good coding practices for beginners?,NONE
"Will there be a remake of the classic movie ""The Shining""?",NONE
Can you explain the concept of Big O notation in programming?,NONE
Can you explain the concept of a black hole in astronomy?,NONE
What is the formula for calculating the perimeter of a triangle?,NONE
What is the difference between a hurricane and a typhoon?,NONE
How do I use Git version control for my project?,NONE
What are the benefits of using Docker containers?,NONE
"Here are 50 diverse questions that have absolutely nothing to do with food, nutrition, or healthcare:",NONE
What is the largest planet in our solar system?,NONE
How do I calculate the factorial of a number using Python's math module?,NONE
Is it going to rain on my wedding day next Saturday?,NONE
Is there a new movie release this month that I should watch?,NONE
Do you know who was the lead singer of the rock band Queen?,NONE
Can you recommend a good book on machine learning for beginners?,NONE
Are there any new movies coming out this month?,NONE
Will there be a new version of the iPhone released this year?,NONE
Do you know who won the last World Cup?,NONE
"I'm trying to learn how to code in Java, where do I start?",NONE
Is it going to snow next week?,NONE
Can I use Google Maps offline on my phone?,NONE
What was the outcome of the first Olympics held in ancient Greece?,NONE
Is it safe to travel to Rio de Janeiro during Carnival season?,NONE
Can you recommend some good documentaries on space exploration?,NONE
"I'm trying to learn how to code in Python, what are some good resources?",NONE
Can you explain the concept of asynchronous programming?,NONE
What is the average airspeed velocity of an unladen swallow?,NONE
Is it safe to use public Wi-Fi networks when working remotely?,NONE
Can you write an algorithm to find the maximum sum of a subset of an array?,NONE
Can you write a program to generate a Fibonacci sequence up to n terms?,NONE
How do I create a backup of my computer system?,NONE
Can you recommend some good movies on historical events?,NONE
Is there a way to delete a folder in Linux using the command line?,NONE
What is the difference between a tsunami and a rogue wave?,NONE
Is it possible to create a self-driving car using open-source software?,NONE
What was the name of the first computer virus?,NONE
In what year did the first computer virus appear?,NONE
Who was the first person to climb Mount Everest without supplemental oxygen?,NONE
Is it possible to learn a language solely through self-study and practice?,NONE
What is the average temperature in January in Tokyo?,NONE
How does a car's airbag system work?,NONE
Is it possible to create a machine learning model from scratch?,NONE
How much rainfall does Australia receive each year?,NONE
How do I calculate the sum of all numbers in an array using Python?,NONE
Can you explain the concept of sorting algorithms like bubble sort and merge sort?,NONE
What is the most widely spoken language in the world by native speakers?,NONE
Who played the role of Luke Skywalker in the original Star Wars movie trilogy?,NONE
Why did the Roman Empire fall?,NONE
Can you explain the concept of Big O notation in algorithms?,NONE
What is the difference between JSON and XML?,NONE
Is the climate in Los Angeles generally warmer than in New York City?,NONE
How do I write a program to calculate the area of a circle in C++?,NONE
What is the significance of the Fibonacci sequence in mathematics?,NONE
Do smartphones have built-in voice recognition capabilities?,NONE
What was the name of the first permanent English settlement in North America?,NONE
"Which city is known as the ""City of Canals""?",NONE
What was the main cause of World War I?,NONE
What are some common interview questions for software engineers?,NONE
Is it possible to predict the weather using machine learning algorithms?,NONE
How do I use regular expressions in Python?,NONE
Can you explain the concept of inheritance in programming?,NONE
What is the longest river in South America?,NONE
Who was the Roman god of war?,NONE
What is the difference between a firewall and an antivirus software?,NONE
Is it going to be cloudy tomorrow in London?,NONE
Is there an app that can help me learn Spanish?,NONE
What is the average temperature in Tokyo during winter?,NONE
Who won the Super Bowl last year?,NONE
What is the purpose of a try-except block in programming?,NONE
Who invented the first computer virus?,NONE
What are the different types of computer networking protocols?,NONE
"I'm trying to learn how to code in C++, what are some good books to read?",NONE
Do smartphones have built-in GPS capabilities?,NONE
Can you recommend a good website for learning Spanish?,NONE
How do I create a GUI using Tkinter in Python?,NONE
Is it possible to learn a new language at any age?,NONE
Is it going to be warm on Sunday afternoon?,NONE
Which sport has the fastest players in the world?,NONE
How do I create a new project in Visual Studio Code?,NONE
Can you explain the concept of data visualization and its importance in business intelligence?,NONE
Can you explain the concept of polymorphism in programming?,NONE
Is it going to snow in New York City this winter?,NONE
Do all smartphones support wireless charging?,NONE
How do I create a new database in MySQL?,NONE
Can you recommend a good programming language for data science?,NONE
What is the difference between a for loop and a while loop?,NONE
Do you know who was the first president of the United States?,NONE
How do I use the sqrt function in math?,NONE
Who was the first person to fly solo across the Atlantic Ocean?,NONE
How do I use regular expressions to validate email addresses?,NONE
Why does my computer freeze up sometimes?,NONE
What is the largest living species of lizard?,NONE
"I'm planning a trip to Australia, what's the best time to visit?",NONE
How do I create a dictionary in Python?,NONE
Who was the first woman to walk on the moon?,NONE
Will it be cold during winter in Moscow?,NONE
Which movie was nominated for the most Academy Awards but did not win any?,NONE
Is it possible to create a virtual reality experience using only open-source software and hardware components?,NONE
Is it safe to use public Wi-Fi?,NONE
Can you write a C++ program to solve a Sudoku puzzle?,NONE
"Do you know who was the lead actor in the movie ""The Shawshank Redemption""?",NONE
Which programming language is used in machine learning?,NONE
Is it possible to learn a new language through immersion and practice?,NONE
What are the primary differences between a Macbook Air and a Dell laptop?,NONE
How does one use Git to revert changes in a repository?,NONE
Who played the role of Luke Skywalker in the original Star Wars trilogy?,NONE
How do I set up a VPN on my home router?,NONE
Can you recommend a good coding challenge platform for beginners?,NONE
Is there a way to use a calculator to solve a system of equations?,NONE
Can you recommend some good sci-fi movies from the 80s?,NONE
What are the five great lakes in North America?,NONE
Is it safe to leave my car parked outside for an extended period?,NONE
Can you explain the concept of recursion in programming?,NONE
How do I implement a neural network from scratch using Python?,NONE
"Who painted the famous painting ""The Starry Night""?",NONE
Do smartphones have built-in projectors?,NONE
Can you write an algorithm to find the longest substring without repeating characters?,NONE
What was the name of the first computer virus ever discovered?,NONE
Is there a mobile app that can help me track my daily expenses?,NONE
What are the major types of clouds and their formations?,NONE
What is the best way to learn machine learning from scratch?,NONE
Who was the first President of France after World War II?,NONE
How do I install Node.js on my Windows machine?,NONE
Is there a new Apple Watch coming out this year?,NONE
Is there a way to automate tasks using Python scripts on macOS?,NONE
How do I create a chatbot using machine learning algorithms like Naive Bayes or Support Vector Machines?,NONE
Can you describe the process of how a neural network learns from data?,NONE
"I'm trying to learn Japanese, what are some common phrases to start with?",NONE
Can you suggest a good book for learning machine learning?,NONE
Can you explain the concept of abstraction in programming?,NONE
What was the name of the first successful computer virus?,NONE
Who invented the light bulb?,NONE
"I'm trying to learn how to play tennis, can you suggest some tips for beginners?",NONE
Who won the World Cup in 2018?,NONE
What is the main reason for the decline of the Roman Empire?,NONE
How do you implement a binary search algorithm in Java?,NONE
Can you recommend a good IDE for C++ development?,NONE
Is it safe to use a password manager online?,NONE
Who won the Nobel Prize in Physics last year?,NONE
What is the difference between a router and a switch?,NONE
What are the main differences between Agile and Waterfall methodologies?,NONE
Can you recommend any good sci-fi books for beginners?,NONE
Do all programming languages have loops and conditional statements?,NONE
Can you recommend a good science fiction book to read?,NONE
Can you explain the concept of binary trees in data structures?,NONE
Can you recommend a good movie about artificial intelligence?,NONE
Can you explain the concept of recursion in algorithms?,NONE
How many players are on a soccer team?,NONE
"Which city is known as the ""City of Lights""?",NONE
What was the average temperature in Paris last month?,NONE
How do I install a new theme on my WordPress website?,NONE
What is the largest city in Scandinavia by population?,NONE
How many bytes are in a kilobyte?,NONE
"I'm planning a road trip across the United States, what's the best route to take?",NONE
Is Python an object-oriented language?,NONE
What is the difference between a class and an object in programming?,NONE
Is it true that the highest mountain in the solar system is Olympus Mons on Mars?,NONE
How do I calculate the area of a circle?,NONE
